ds,yhat,yhat_prophet,yhat_lstm,yhat_stat,series_id
2024-10-27,4.05,,3.97,4.1,SKU_0001
2024-10-28,3.98,,3.98,3.97,SKU_0001
2024-10-29,4.46,,3.99,4.71,SKU_0001
2024-10-30,4.43,,4.0,4.66,SKU_0001
2024-10-31,4.26,,4.01,4.4,SKU_0001
2024-11-01,4.15,,4.01,4.22,SKU_0001
2024-11-02,4.27,,4.01,4.41,SKU_0001
2024-11-03,4.08,,4.01,4.12,SKU_0001
2024-11-04,4.0,,4.01,3.99,SKU_0001
2024-11-05,4.48,,4.01,4.73,SKU_0001
2024-11-06,4.45,,4.01,4.68,SKU_0001
2024-11-07,4.28,,4.01,4.42,SKU_0001
2024-11-08,4.16,,4.01,4.24,SKU_0001
2024-11-09,4.28,,4.01,4.43,SKU_0001
2024-11-10,4.1,,4.01,4.14,SKU_0001
2024-11-11,4.01,,4.01,4.01,SKU_0001
2024-11-12,4.49,,4.01,4.75,SKU_0001
2024-11-13,4.46,,4.01,4.7,SKU_0001
2024-11-14,4.29,,4.01,4.44,SKU_0001
2024-11-15,4.17,,4.01,4.26,SKU_0001
2024-11-16,4.3,,4.01,4.45,SKU_0001
2024-11-17,4.11,,4.01,4.16,SKU_0001
2024-11-18,4.03,,4.01,4.03,SKU_0001
2024-11-19,4.51,,4.01,4.77,SKU_0001
2024-11-20,4.47,,4.01,4.72,SKU_0001
2024-11-21,4.3,,4.01,4.46,SKU_0001
2024-11-22,4.19,,4.01,4.28,SKU_0001
2024-11-23,4.31,,4.01,4.47,SKU_0001
2024-11-24,4.12,,4.01,4.18,SKU_0001
2024-11-25,4.04,,4.01,4.05,SKU_0001
2024-11-12,4.02,,3.99,4.03,SKU_0002
2024-11-13,4.04,,3.99,4.06,SKU_0002
2024-11-14,4.1,,3.99,4.15,SKU_0002
2024-11-15,3.83,,3.98,3.74,SKU_0002
2024-11-16,3.88,,3.98,3.82,SKU_0002
2024-11-17,4.49,,3.98,4.76,SKU_0002
2024-11-18,3.88,,3.98,3.83,SKU_0002
2024-11-19,4.02,,3.98,4.04,SKU_0002
2024-11-20,4.04,,3.98,4.07,SKU_0002
2024-11-21,4.09,,3.97,4.16,SKU_0002
2024-11-22,3.83,,3.97,3.75,SKU_0002
2024-11-23,3.88,,3.97,3.83,SKU_0002
2024-11-24,4.49,,3.97,4.77,SKU_0002
2024-11-25,3.88,,3.97,3.83,SKU_0002
2024-11-26,4.02,,3.97,4.05,SKU_0002
2024-11-27,4.04,,3.97,4.08,SKU_0002
2024-11-28,4.1,,3.97,4.17,SKU_0002
2024-11-29,3.83,,3.97,3.75,SKU_0002
2024-11-30,3.88,,3.97,3.84,SKU_0002
2024-12-01,4.49,,3.97,4.78,SKU_0002
2024-12-02,3.88,,3.97,3.84,SKU_0002
2024-12-03,4.02,,3.97,4.05,SKU_0002
2024-12-04,4.04,,3.97,4.08,SKU_0002
2024-12-05,4.1,,3.97,4.17,SKU_0002
2024-12-06,3.83,,3.97,3.76,SKU_0002
2024-12-07,3.89,,3.97,3.84,SKU_0002
2024-12-08,4.5,,3.97,4.78,SKU_0002
2024-12-09,3.89,,3.97,3.84,SKU_0002
2024-12-10,4.03,,3.97,4.06,SKU_0002
2024-12-11,4.05,,3.97,4.09,SKU_0002
2024-10-28,3.67,,4.04,3.47,SKU_0003
2024-10-29,3.67,,4.04,3.47,SKU_0003
2024-10-30,4.26,,4.04,4.38,SKU_0003
2024-10-31,4.16,,4.04,4.23,SKU_0003
2024-11-01,3.84,,4.04,3.74,SKU_0003
2024-11-02,3.71,,4.04,3.53,SKU_0003
2024-11-03,3.76,,4.04,3.61,SKU_0003
2024-11-04,3.67,,4.04,3.46,SKU_0003
2024-11-05,3.66,,4.04,3.46,SKU_0003
2024-11-06,4.25,,4.04,4.37,SKU_0003
2024-11-07,4.15,,4.04,4.21,SKU_0003
2024-11-08,3.84,,4.04,3.73,SKU_0003
2024-11-09,3.7,,4.04,3.51,SKU_0003
2024-11-10,3.75,,4.04,3.6,SKU_0003
2024-11-11,3.66,,4.04,3.45,SKU_0003
2024-11-12,3.66,,4.04,3.45,SKU_0003
2024-11-13,4.25,,4.04,4.36,SKU_0003
2024-11-14,4.15,,4.04,4.2,SKU_0003
2024-11-15,3.83,,4.04,3.72,SKU_0003
2024-11-16,3.69,,4.04,3.5,SKU_0003
2024-11-17,3.75,,4.04,3.59,SKU_0003
2024-11-18,3.65,,4.04,3.44,SKU_0003
2024-11-19,3.65,,4.04,3.44,SKU_0003
2024-11-20,4.24,,4.04,4.34,SKU_0003
2024-11-21,4.14,,4.04,4.19,SKU_0003
2024-11-22,3.82,,4.04,3.7,SKU_0003
2024-11-23,3.68,,4.04,3.49,SKU_0003
2024-11-24,3.74,,4.04,3.57,SKU_0003
2024-11-25,3.64,,4.04,3.43,SKU_0003
2024-11-26,3.64,,4.04,3.43,SKU_0003
2024-11-06,3.92,,3.79,3.99,SKU_0004
2024-11-07,3.68,,3.79,3.62,SKU_0004
2024-11-08,4.13,,3.78,4.32,SKU_0004
2024-11-09,3.69,,3.77,3.65,SKU_0004
2024-11-10,3.86,,3.77,3.9,SKU_0004
2024-11-11,3.65,,3.76,3.6,SKU_0004
2024-11-12,3.62,,3.76,3.54,SKU_0004
2024-11-13,3.9,,3.76,3.98,SKU_0004
2024-11-14,3.67,,3.76,3.62,SKU_0004
2024-11-15,4.12,,3.75,4.32,SKU_0004
2024-11-16,3.69,,3.75,3.65,SKU_0004
2024-11-17,3.85,,3.75,3.9,SKU_0004
2024-11-18,3.65,,3.75,3.6,SKU_0004
2024-11-19,3.61,,3.75,3.54,SKU_0004
2024-11-20,3.9,,3.75,3.98,SKU_0004
2024-11-21,3.67,,3.75,3.62,SKU_0004
2024-11-22,4.12,,3.75,4.32,SKU_0004
2024-11-23,3.69,,3.75,3.65,SKU_0004
2024-11-24,3.85,,3.75,3.9,SKU_0004
2024-11-25,3.65,,3.75,3.59,SKU_0004
2024-11-26,3.61,,3.75,3.54,SKU_0004
2024-11-27,3.9,,3.75,3.98,SKU_0004
2024-11-28,3.67,,3.75,3.62,SKU_0004
2024-11-29,4.12,,3.75,4.32,SKU_0004
2024-11-30,3.69,,3.75,3.65,SKU_0004
2024-12-01,3.85,,3.75,3.9,SKU_0004
2024-12-02,3.65,,3.75,3.59,SKU_0004
2024-12-03,3.61,,3.75,3.54,SKU_0004
2024-12-04,3.9,,3.75,3.98,SKU_0004
2024-12-05,3.67,,3.75,3.62,SKU_0004
2024-10-28,3.99,,3.97,4.0,SKU_0005
2024-10-29,3.65,,3.95,3.48,SKU_0005
2024-10-30,3.53,,3.94,3.31,SKU_0005
2024-10-31,4.01,,3.93,4.05,SKU_0005
2024-11-01,4.24,,3.92,4.42,SKU_0005
2024-11-02,3.63,,3.92,3.47,SKU_0005
2024-11-03,4.04,,3.92,4.11,SKU_0005
2024-11-04,3.97,,3.91,3.99,SKU_0005
2024-11-05,3.63,,3.91,3.48,SKU_0005
2024-11-06,3.51,,3.91,3.3,SKU_0005
2024-11-07,4.0,,3.91,4.05,SKU_0005
2024-11-08,4.24,,3.91,4.41,SKU_0005
2024-11-09,3.62,,3.91,3.47,SKU_0005
2024-11-10,4.04,,3.91,4.1,SKU_0005
2024-11-11,3.96,,3.91,3.99,SKU_0005
2024-11-12,3.63,,3.91,3.48,SKU_0005
2024-11-13,3.51,,3.91,3.3,SKU_0005
2024-11-14,4.0,,3.91,4.05,SKU_0005
2024-11-15,4.23,,3.91,4.41,SKU_0005
2024-11-16,3.62,,3.91,3.46,SKU_0005
2024-11-17,4.03,,3.91,4.1,SKU_0005
2024-11-18,3.96,,3.91,3.99,SKU_0005
2024-11-19,3.63,,3.91,3.47,SKU_0005
2024-11-20,3.51,,3.91,3.29,SKU_0005
2024-11-21,4.0,,3.91,4.04,SKU_0005
2024-11-22,4.23,,3.91,4.4,SKU_0005
2024-11-23,3.62,,3.91,3.46,SKU_0005
2024-11-24,4.03,,3.91,4.09,SKU_0005
2024-11-25,3.96,,3.91,3.98,SKU_0005
2024-11-26,3.62,,3.91,3.47,SKU_0005
2024-11-04,3.65,,3.81,3.56,SKU_0006
2024-11-05,3.63,,3.81,3.54,SKU_0006
2024-11-06,3.58,,3.8,3.45,SKU_0006
2024-11-07,4.0,,3.8,4.11,SKU_0006
2024-11-08,4.23,,3.79,4.47,SKU_0006
2024-11-09,3.85,,3.79,3.88,SKU_0006
2024-11-10,3.34,,3.79,3.11,SKU_0006
2024-11-11,3.64,,3.78,3.56,SKU_0006
2024-11-12,3.62,,3.78,3.53,SKU_0006
2024-11-13,3.57,,3.78,3.45,SKU_0006
2024-11-14,3.99,,3.78,4.1,SKU_0006
2024-11-15,4.22,,3.78,4.46,SKU_0006
2024-11-16,3.84,,3.78,3.88,SKU_0006
2024-11-17,3.34,,3.78,3.1,SKU_0006
2024-11-18,3.63,,3.78,3.55,SKU_0006
2024-11-19,3.62,,3.78,3.53,SKU_0006
2024-11-20,3.56,,3.78,3.44,SKU_0006
2024-11-21,3.99,,3.78,4.1,SKU_0006
2024-11-22,4.22,,3.78,4.46,SKU_0006
2024-11-23,3.84,,3.78,3.87,SKU_0006
2024-11-24,3.34,,3.78,3.1,SKU_0006
2024-11-25,3.63,,3.78,3.55,SKU_0006
2024-11-26,3.61,,3.78,3.52,SKU_0006
2024-11-27,3.56,,3.78,3.44,SKU_0006
2024-11-28,3.98,,3.78,4.09,SKU_0006
2024-11-29,4.22,,3.78,4.45,SKU_0006
2024-11-30,3.84,,3.78,3.87,SKU_0006
2024-12-01,3.33,,3.78,3.09,SKU_0006
2024-12-02,3.63,,3.78,3.54,SKU_0006
2024-12-03,3.61,,3.78,3.52,SKU_0006
2024-11-09,3.97,,3.72,4.1,SKU_0007
2024-11-10,3.93,,3.7,4.05,SKU_0007
2024-11-11,3.67,,3.71,3.64,SKU_0007
2024-11-12,4.1,,3.71,4.31,SKU_0007
2024-11-13,3.9,,3.71,4.01,SKU_0007
2024-11-14,3.94,,3.71,4.06,SKU_0007
2024-11-15,3.82,,3.71,3.87,SKU_0007
2024-11-16,3.98,,3.71,4.12,SKU_0007
2024-11-17,3.95,,3.71,4.07,SKU_0007
2024-11-18,3.68,,3.71,3.66,SKU_0007
2024-11-19,4.12,,3.71,4.33,SKU_0007
2024-11-20,3.92,,3.71,4.03,SKU_0007
2024-11-21,3.95,,3.71,4.08,SKU_0007
2024-11-22,3.83,,3.71,3.89,SKU_0007
2024-11-23,3.99,,3.71,4.14,SKU_0007
2024-11-24,3.96,,3.71,4.09,SKU_0007
2024-11-25,3.69,,3.71,3.68,SKU_0007
2024-11-26,4.13,,3.71,4.35,SKU_0007
2024-11-27,3.93,,3.71,4.05,SKU_0007
2024-11-28,3.96,,3.71,4.1,SKU_0007
2024-11-29,3.84,,3.71,3.91,SKU_0007
2024-11-30,4.0,,3.71,4.16,SKU_0007
2024-12-01,3.97,,3.71,4.11,SKU_0007
2024-12-02,3.7,,3.71,3.7,SKU_0007
2024-12-03,4.14,,3.71,4.37,SKU_0007
2024-12-04,3.94,,3.71,4.06,SKU_0007
2024-12-05,3.98,,3.71,4.12,SKU_0007
2024-12-06,3.85,,3.71,3.93,SKU_0007
2024-12-07,4.01,,3.71,4.17,SKU_0007
2024-12-08,3.98,,3.71,4.13,SKU_0007
2024-11-04,3.66,,3.67,3.65,SKU_0008
2024-11-05,4.05,,3.67,4.26,SKU_0008
2024-11-06,3.66,,3.68,3.65,SKU_0008
2024-11-07,3.35,,3.68,3.18,SKU_0008
2024-11-08,3.64,,3.68,3.62,SKU_0008
2024-11-09,3.81,,3.68,3.89,SKU_0008
2024-11-10,3.85,,3.68,3.94,SKU_0008
2024-11-11,3.67,,3.68,3.66,SKU_0008
2024-11-12,4.06,,3.68,4.26,SKU_0008
2024-11-13,3.67,,3.68,3.66,SKU_0008
2024-11-14,3.36,,3.68,3.18,SKU_0008
2024-11-15,3.64,,3.68,3.62,SKU_0008
2024-11-16,3.82,,3.68,3.89,SKU_0008
2024-11-17,3.85,,3.68,3.95,SKU_0008
2024-11-18,3.67,,3.68,3.66,SKU_0008
2024-11-19,4.06,,3.68,4.27,SKU_0008
2024-11-20,3.67,,3.68,3.66,SKU_0008
2024-11-21,3.36,,3.68,3.19,SKU_0008
2024-11-22,3.65,,3.68,3.63,SKU_0008
2024-11-23,3.82,,3.68,3.9,SKU_0008
2024-11-24,3.86,,3.68,3.95,SKU_0008
2024-11-25,3.67,,3.68,3.67,SKU_0008
2024-11-26,4.07,,3.68,4.27,SKU_0008
2024-11-27,3.67,,3.68,3.67,SKU_0008
2024-11-28,3.37,,3.68,3.2,SKU_0008
2024-11-29,3.65,,3.68,3.63,SKU_0008
2024-11-30,3.83,,3.68,3.9,SKU_0008
2024-12-01,3.86,,3.68,3.96,SKU_0008
2024-12-02,3.68,,3.68,3.67,SKU_0008
2024-12-03,4.07,,3.68,4.28,SKU_0008
2024-10-30,3.89,,3.9,3.88,SKU_0009
2024-10-31,4.16,,3.88,4.32,SKU_0009
2024-11-01,4.16,,3.85,4.32,SKU_0009
2024-11-02,4.06,,3.83,4.18,SKU_0009
2024-11-03,3.86,,3.81,3.88,SKU_0009
2024-11-04,3.94,,3.8,4.02,SKU_0009
2024-11-05,4.2,,3.79,4.42,SKU_0009
2024-11-06,3.86,,3.78,3.91,SKU_0009
2024-11-07,4.14,,3.77,4.34,SKU_0009
2024-11-08,4.14,,3.77,4.34,SKU_0009
2024-11-09,4.05,,3.77,4.21,SKU_0009
2024-11-10,3.85,,3.76,3.9,SKU_0009
2024-11-11,3.95,,3.76,4.05,SKU_0009
2024-11-12,4.2,,3.76,4.44,SKU_0009
2024-11-13,3.87,,3.76,3.93,SKU_0009
2024-11-14,4.15,,3.76,4.36,SKU_0009
2024-11-15,4.15,,3.76,4.37,SKU_0009
2024-11-16,4.07,,3.76,4.23,SKU_0009
2024-11-17,3.87,,3.76,3.93,SKU_0009
2024-11-18,3.96,,3.76,4.07,SKU_0009
2024-11-19,4.22,,3.76,4.46,SKU_0009
2024-11-20,3.88,,3.76,3.95,SKU_0009
2024-11-21,4.17,,3.76,4.39,SKU_0009
2024-11-22,4.17,,3.76,4.39,SKU_0009
2024-11-23,4.08,,3.76,4.25,SKU_0009
2024-11-24,3.88,,3.76,3.95,SKU_0009
2024-11-25,3.98,,3.76,4.09,SKU_0009
2024-11-26,4.23,,3.76,4.49,SKU_0009
2024-11-27,3.9,,3.76,3.98,SKU_0009
2024-11-28,4.18,,3.76,4.41,SKU_0009
2024-11-13,3.9,,3.73,3.99,SKU_0010
2024-11-14,3.15,,3.74,2.83,SKU_0010
2024-11-15,4.1,,3.75,4.29,SKU_0010
2024-11-16,3.72,,3.75,3.71,SKU_0010
2024-11-17,3.7,,3.75,3.68,SKU_0010
2024-11-18,3.52,,3.74,3.4,SKU_0010
2024-11-19,3.23,,3.74,2.95,SKU_0010
2024-11-20,3.89,,3.74,3.98,SKU_0010
2024-11-21,3.14,,3.74,2.82,SKU_0010
2024-11-22,4.09,,3.74,4.28,SKU_0010
2024-11-23,3.71,,3.74,3.7,SKU_0010
2024-11-24,3.69,,3.74,3.67,SKU_0010
2024-11-25,3.51,,3.74,3.4,SKU_0010
2024-11-26,3.22,,3.74,2.94,SKU_0010
2024-11-27,3.89,,3.74,3.97,SKU_0010
2024-11-28,3.14,,3.74,2.82,SKU_0010
2024-11-29,4.08,,3.74,4.27,SKU_0010
2024-11-30,3.71,,3.74,3.69,SKU_0010
2024-12-01,3.69,,3.74,3.66,SKU_0010
2024-12-02,3.51,,3.74,3.39,SKU_0010
2024-12-03,3.21,,3.74,2.93,SKU_0010
2024-12-04,3.88,,3.74,3.96,SKU_0010
2024-12-05,3.13,,3.74,2.81,SKU_0010
2024-12-06,4.08,,3.74,4.26,SKU_0010
2024-12-07,3.7,,3.74,3.68,SKU_0010
2024-12-08,3.68,,3.74,3.65,SKU_0010
2024-12-09,3.5,,3.74,3.38,SKU_0010
2024-12-10,3.21,,3.74,2.93,SKU_0010
2024-12-11,3.88,,3.74,3.95,SKU_0010
2024-12-12,3.13,,3.74,2.8,SKU_0010
2024-11-10,3.53,,3.58,3.51,SKU_0011
2024-11-11,3.75,,3.58,3.85,SKU_0011
2024-11-12,3.28,,3.59,3.11,SKU_0011
2024-11-13,3.74,,3.59,3.82,SKU_0011
2024-11-14,3.36,,3.6,3.24,SKU_0011
2024-11-15,3.31,,3.6,3.16,SKU_0011
2024-11-16,3.58,,3.6,3.58,SKU_0011
2024-11-17,3.54,,3.6,3.5,SKU_0011
2024-11-18,3.75,,3.6,3.84,SKU_0011
2024-11-19,3.27,,3.6,3.1,SKU_0011
2024-11-20,3.73,,3.6,3.81,SKU_0011
2024-11-21,3.36,,3.6,3.23,SKU_0011
2024-11-22,3.31,,3.6,3.15,SKU_0011
2024-11-23,3.58,,3.6,3.56,SKU_0011
2024-11-24,3.53,,3.6,3.49,SKU_0011
2024-11-25,3.75,,3.6,3.82,SKU_0011
2024-11-26,3.27,,3.6,3.09,SKU_0011
2024-11-27,3.73,,3.6,3.8,SKU_0011
2024-11-28,3.35,,3.6,3.21,SKU_0011
2024-11-29,3.3,,3.6,3.13,SKU_0011
2024-11-30,3.57,,3.6,3.55,SKU_0011
2024-12-01,3.52,,3.6,3.48,SKU_0011
2024-12-02,3.74,,3.6,3.81,SKU_0011
2024-12-03,3.26,,3.6,3.08,SKU_0011
2024-12-04,3.72,,3.6,3.78,SKU_0011
2024-12-05,3.34,,3.6,3.2,SKU_0011
2024-12-06,3.29,,3.6,3.12,SKU_0011
2024-12-07,3.56,,3.6,3.54,SKU_0011
2024-12-08,3.52,,3.6,3.47,SKU_0011
2024-12-09,3.73,,3.6,3.8,SKU_0011
2024-11-02,3.2,,3.75,2.9,SKU_0012
2024-11-03,3.39,,3.76,3.19,SKU_0012
2024-11-04,3.79,,3.76,3.81,SKU_0012
2024-11-05,3.72,,3.77,3.69,SKU_0012
2024-11-06,3.76,,3.77,3.75,SKU_0012
2024-11-07,3.46,,3.77,3.29,SKU_0012
2024-11-08,4.05,,3.78,4.2,SKU_0012
2024-11-09,3.2,,3.78,2.89,SKU_0012
2024-11-10,3.39,,3.78,3.18,SKU_0012
2024-11-11,3.79,,3.78,3.8,SKU_0012
2024-11-12,3.71,,3.78,3.67,SKU_0012
2024-11-13,3.75,,3.78,3.73,SKU_0012
2024-11-14,3.45,,3.78,3.28,SKU_0012
2024-11-15,4.04,,3.78,4.18,SKU_0012
2024-11-16,3.19,,3.78,2.87,SKU_0012
2024-11-17,3.38,,3.78,3.17,SKU_0012
2024-11-18,3.78,,3.78,3.78,SKU_0012
2024-11-19,3.7,,3.78,3.66,SKU_0012
2024-11-20,3.74,,3.78,3.72,SKU_0012
2024-11-21,3.44,,3.78,3.26,SKU_0012
2024-11-22,4.03,,3.78,4.17,SKU_0012
2024-11-23,3.18,,3.78,2.86,SKU_0012
2024-11-24,3.37,,3.78,3.15,SKU_0012
2024-11-25,3.77,,3.78,3.77,SKU_0012
2024-11-26,3.69,,3.78,3.64,SKU_0012
2024-11-27,3.73,,3.78,3.7,SKU_0012
2024-11-28,3.43,,3.78,3.25,SKU_0012
2024-11-29,4.02,,3.78,4.15,SKU_0012
2024-11-30,3.17,,3.78,2.84,SKU_0012
2024-12-01,3.36,,3.78,3.14,SKU_0012
2024-11-08,4.03,,4.03,4.03,SKU_0013
2024-11-09,4.26,,4.04,4.39,SKU_0013
2024-11-10,4.6,,4.04,4.9,SKU_0013
2024-11-11,3.85,,4.05,3.74,SKU_0013
2024-11-12,4.2,,4.05,4.28,SKU_0013
2024-11-13,4.11,,4.05,4.15,SKU_0013
2024-11-14,4.49,,4.05,4.73,SKU_0013
2024-11-15,4.05,,4.05,4.05,SKU_0013
2024-11-16,4.28,,4.05,4.4,SKU_0013
2024-11-17,4.61,,4.05,4.92,SKU_0013
2024-11-18,3.86,,4.05,3.76,SKU_0013
2024-11-19,4.21,,4.05,4.3,SKU_0013
2024-11-20,4.12,,4.05,4.16,SKU_0013
2024-11-21,4.5,,4.05,4.75,SKU_0013
2024-11-22,4.06,,4.05,4.06,SKU_0013
2024-11-23,4.29,,4.05,4.42,SKU_0013
2024-11-24,4.62,,4.05,4.93,SKU_0013
2024-11-25,3.87,,4.05,3.77,SKU_0013
2024-11-26,4.22,,4.05,4.31,SKU_0013
2024-11-27,4.13,,4.05,4.18,SKU_0013
2024-11-28,4.51,,4.05,4.76,SKU_0013
2024-11-29,4.07,,4.05,4.08,SKU_0013
2024-11-30,4.3,,4.05,4.43,SKU_0013
2024-12-01,4.63,,4.05,4.95,SKU_0013
2024-12-02,3.88,,4.05,3.79,SKU_0013
2024-12-03,4.23,,4.05,4.33,SKU_0013
2024-12-04,4.14,,4.05,4.19,SKU_0013
2024-12-05,4.52,,4.05,4.78,SKU_0013
2024-12-06,4.08,,4.05,4.09,SKU_0013
2024-12-07,4.31,,4.05,4.45,SKU_0013
2024-11-13,3.8,,3.75,3.82,SKU_0014
2024-11-14,3.9,,3.76,3.97,SKU_0014
2024-11-15,3.51,,3.76,3.38,SKU_0014
2024-11-16,3.93,,3.76,4.03,SKU_0014
2024-11-17,3.73,,3.76,3.72,SKU_0014
2024-11-18,3.91,,3.76,4.0,SKU_0014
2024-11-19,4.15,,3.76,4.37,SKU_0014
2024-11-20,3.8,,3.76,3.82,SKU_0014
2024-11-21,3.9,,3.76,3.98,SKU_0014
2024-11-22,3.52,,3.76,3.39,SKU_0014
2024-11-23,3.93,,3.76,4.03,SKU_0014
2024-11-24,3.74,,3.76,3.72,SKU_0014
2024-11-25,3.92,,3.76,4.0,SKU_0014
2024-11-26,4.16,,3.76,4.37,SKU_0014
2024-11-27,3.8,,3.76,3.83,SKU_0014
2024-11-28,3.9,,3.76,3.98,SKU_0014
2024-11-29,3.52,,3.76,3.39,SKU_0014
2024-11-30,3.94,,3.76,4.04,SKU_0014
2024-12-01,3.74,,3.76,3.73,SKU_0014
2024-12-02,3.92,,3.76,4.01,SKU_0014
2024-12-03,4.16,,3.76,4.38,SKU_0014
2024-12-04,3.81,,3.76,3.83,SKU_0014
2024-12-05,3.91,,3.76,3.99,SKU_0014
2024-12-06,3.52,,3.76,3.4,SKU_0014
2024-12-07,3.94,,3.76,4.04,SKU_0014
2024-12-08,3.74,,3.76,3.73,SKU_0014
2024-12-09,3.92,,3.76,4.01,SKU_0014
2024-12-10,4.16,,3.76,4.38,SKU_0014
2024-12-11,3.81,,3.76,3.84,SKU_0014
2024-12-12,3.91,,3.76,3.99,SKU_0014
2024-11-06,3.44,,3.93,3.17,SKU_0015
2024-11-07,4.19,,3.93,4.34,SKU_0015
2024-11-08,3.68,,3.91,3.55,SKU_0015
2024-11-09,3.73,,3.9,3.63,SKU_0015
2024-11-10,4.2,,3.89,4.36,SKU_0015
2024-11-11,4.12,,3.88,4.26,SKU_0015
2024-11-12,3.72,,3.87,3.63,SKU_0015
2024-11-13,3.42,,3.87,3.17,SKU_0015
2024-11-14,4.17,,3.86,4.34,SKU_0015
2024-11-15,3.66,,3.86,3.55,SKU_0015
2024-11-16,3.71,,3.86,3.63,SKU_0015
2024-11-17,4.19,,3.86,4.36,SKU_0015
2024-11-18,4.12,,3.86,4.26,SKU_0015
2024-11-19,3.71,,3.86,3.63,SKU_0015
2024-11-20,3.42,,3.86,3.18,SKU_0015
2024-11-21,4.17,,3.86,4.34,SKU_0015
2024-11-22,3.66,,3.86,3.55,SKU_0015
2024-11-23,3.72,,3.86,3.63,SKU_0015
2024-11-24,4.19,,3.86,4.36,SKU_0015
2024-11-25,4.12,,3.86,4.26,SKU_0015
2024-11-26,3.72,,3.86,3.64,SKU_0015
2024-11-27,3.42,,3.86,3.18,SKU_0015
2024-11-28,4.17,,3.86,4.34,SKU_0015
2024-11-29,3.66,,3.86,3.55,SKU_0015
2024-11-30,3.72,,3.86,3.64,SKU_0015
2024-12-01,4.19,,3.86,4.37,SKU_0015
2024-12-02,4.12,,3.86,4.26,SKU_0015
2024-12-03,3.72,,3.86,3.64,SKU_0015
2024-12-04,3.42,,3.86,3.18,SKU_0015
2024-12-05,4.17,,3.86,4.34,SKU_0015
2024-11-10,4.26,,3.92,4.44,SKU_0016
2024-11-11,3.84,,3.88,3.81,SKU_0016
2024-11-12,3.97,,3.85,4.04,SKU_0016
2024-11-13,3.67,,3.85,3.58,SKU_0016
2024-11-14,3.91,,3.85,3.94,SKU_0016
2024-11-15,3.58,,3.86,3.42,SKU_0016
2024-11-16,3.73,,3.86,3.66,SKU_0016
2024-11-17,4.24,,3.87,4.44,SKU_0016
2024-11-18,3.84,,3.88,3.81,SKU_0016
2024-11-19,3.98,,3.88,4.04,SKU_0016
2024-11-20,3.69,,3.89,3.58,SKU_0016
2024-11-21,3.92,,3.89,3.94,SKU_0016
2024-11-22,3.59,,3.89,3.43,SKU_0016
2024-11-23,3.74,,3.89,3.66,SKU_0016
2024-11-24,4.25,,3.89,4.44,SKU_0016
2024-11-25,3.84,,3.89,3.82,SKU_0016
2024-11-26,3.99,,3.89,4.04,SKU_0016
2024-11-27,3.69,,3.89,3.58,SKU_0016
2024-11-28,3.92,,3.89,3.94,SKU_0016
2024-11-29,3.59,,3.89,3.43,SKU_0016
2024-11-30,3.74,,3.89,3.66,SKU_0016
2024-12-01,4.25,,3.89,4.44,SKU_0016
2024-12-02,3.84,,3.89,3.82,SKU_0016
2024-12-03,3.99,,3.89,4.04,SKU_0016
2024-12-04,3.69,,3.89,3.58,SKU_0016
2024-12-05,3.92,,3.89,3.94,SKU_0016
2024-12-06,3.59,,3.89,3.43,SKU_0016
2024-12-07,3.74,,3.89,3.66,SKU_0016
2024-12-08,4.25,,3.89,4.44,SKU_0016
2024-12-09,3.84,,3.89,3.82,SKU_0016
2024-11-01,4.17,,3.89,4.32,SKU_0017
2024-11-02,4.06,,3.91,4.14,SKU_0017
2024-11-03,3.77,,3.93,3.69,SKU_0017
2024-11-04,4.05,,3.93,4.12,SKU_0017
2024-11-05,4.04,,3.94,4.09,SKU_0017
2024-11-06,3.94,,3.94,3.94,SKU_0017
2024-11-07,3.88,,3.94,3.84,SKU_0017
2024-11-08,4.19,,3.94,4.32,SKU_0017
2024-11-09,4.07,,3.94,4.14,SKU_0017
2024-11-10,3.78,,3.94,3.69,SKU_0017
2024-11-11,4.06,,3.94,4.12,SKU_0017
2024-11-12,4.04,,3.94,4.09,SKU_0017
2024-11-13,3.94,,3.94,3.94,SKU_0017
2024-11-14,3.88,,3.94,3.85,SKU_0017
2024-11-15,4.19,,3.94,4.32,SKU_0017
2024-11-16,4.07,,3.94,4.15,SKU_0017
2024-11-17,3.78,,3.94,3.7,SKU_0017
2024-11-18,4.06,,3.94,4.12,SKU_0017
2024-11-19,4.04,,3.94,4.1,SKU_0017
2024-11-20,3.94,,3.94,3.95,SKU_0017
2024-11-21,3.88,,3.94,3.85,SKU_0017
2024-11-22,4.19,,3.94,4.32,SKU_0017
2024-11-23,4.07,,3.94,4.15,SKU_0017
2024-11-24,3.78,,3.94,3.7,SKU_0017
2024-11-25,4.06,,3.94,4.12,SKU_0017
2024-11-26,4.04,,3.94,4.1,SKU_0017
2024-11-27,3.95,,3.94,3.95,SKU_0017
2024-11-28,3.88,,3.94,3.85,SKU_0017
2024-11-29,4.19,,3.94,4.32,SKU_0017
2024-11-30,4.08,,3.94,4.15,SKU_0017
2024-11-10,3.62,,3.39,3.75,SKU_0018
2024-11-11,3.55,,3.44,3.62,SKU_0018
2024-11-12,2.94,,3.49,2.64,SKU_0018
2024-11-13,3.45,,3.54,3.41,SKU_0018
2024-11-14,3.78,,3.58,3.89,SKU_0018
2024-11-15,3.48,,3.62,3.4,SKU_0018
2024-11-16,3.35,,3.65,3.19,SKU_0018
2024-11-17,3.71,,3.68,3.72,SKU_0018
2024-11-18,3.63,,3.7,3.59,SKU_0018
2024-11-19,3.0,,3.72,2.62,SKU_0018
2024-11-20,3.51,,3.74,3.38,SKU_0018
2024-11-21,3.83,,3.75,3.87,SKU_0018
2024-11-22,3.51,,3.76,3.38,SKU_0018
2024-11-23,3.38,,3.77,3.17,SKU_0018
2024-11-24,3.73,,3.77,3.7,SKU_0018
2024-11-25,3.64,,3.78,3.57,SKU_0018
2024-11-26,3.01,,3.79,2.6,SKU_0018
2024-11-27,3.51,,3.79,3.36,SKU_0018
2024-11-28,3.83,,3.79,3.85,SKU_0018
2024-11-29,3.51,,3.8,3.36,SKU_0018
2024-11-30,3.37,,3.8,3.15,SKU_0018
2024-12-01,3.72,,3.8,3.68,SKU_0018
2024-12-02,3.64,,3.8,3.55,SKU_0018
2024-12-03,3.0,,3.8,2.57,SKU_0018
2024-12-04,3.5,,3.8,3.34,SKU_0018
2024-12-05,3.82,,3.8,3.82,SKU_0018
2024-12-06,3.5,,3.81,3.33,SKU_0018
2024-12-07,3.36,,3.81,3.12,SKU_0018
2024-12-08,3.71,,3.81,3.65,SKU_0018
2024-12-09,3.62,,3.81,3.53,SKU_0018
2024-11-12,3.91,,3.95,3.88,SKU_0019
2024-11-13,3.74,,3.93,3.65,SKU_0019
2024-11-14,4.02,,3.92,4.07,SKU_0019
2024-11-15,4.19,,3.92,4.34,SKU_0019
2024-11-16,4.05,,3.92,4.12,SKU_0019
2024-11-17,3.63,,3.93,3.48,SKU_0019
2024-11-18,4.25,,3.93,4.42,SKU_0019
2024-11-19,3.9,,3.94,3.89,SKU_0019
2024-11-20,3.75,,3.94,3.65,SKU_0019
2024-11-21,4.03,,3.94,4.07,SKU_0019
2024-11-22,4.2,,3.94,4.34,SKU_0019
2024-11-23,4.06,,3.94,4.13,SKU_0019
2024-11-24,3.64,,3.94,3.48,SKU_0019
2024-11-25,4.26,,3.94,4.43,SKU_0019
2024-11-26,3.91,,3.94,3.89,SKU_0019
2024-11-27,3.76,,3.94,3.66,SKU_0019
2024-11-28,4.03,,3.94,4.08,SKU_0019
2024-11-29,4.21,,3.94,4.35,SKU_0019
2024-11-30,4.07,,3.94,4.13,SKU_0019
2024-12-01,3.65,,3.94,3.49,SKU_0019
2024-12-02,4.26,,3.94,4.43,SKU_0019
2024-12-03,3.91,,3.94,3.9,SKU_0019
2024-12-04,3.76,,3.94,3.66,SKU_0019
2024-12-05,4.03,,3.94,4.08,SKU_0019
2024-12-06,4.21,,3.94,4.35,SKU_0019
2024-12-07,4.07,,3.94,4.14,SKU_0019
2024-12-08,3.65,,3.94,3.49,SKU_0019
2024-12-09,4.26,,3.94,4.44,SKU_0019
2024-12-10,3.92,,3.94,3.9,SKU_0019
2024-12-11,3.76,,3.94,3.67,SKU_0019
2024-10-27,3.29,,3.91,2.96,SKU_0020
2024-10-28,3.8,,3.9,3.75,SKU_0020
2024-10-29,3.51,,3.88,3.32,SKU_0020
2024-10-30,3.7,,3.86,3.62,SKU_0020
2024-10-31,3.41,,3.83,3.18,SKU_0020
2024-11-01,3.96,,3.82,4.03,SKU_0020
2024-11-02,4.14,,3.81,4.32,SKU_0020
2024-11-03,3.25,,3.8,2.95,SKU_0020
2024-11-04,3.76,,3.79,3.74,SKU_0020
2024-11-05,3.48,,3.79,3.31,SKU_0020
2024-11-06,3.67,,3.79,3.61,SKU_0020
2024-11-07,3.39,,3.78,3.18,SKU_0020
2024-11-08,3.94,,3.78,4.02,SKU_0020
2024-11-09,4.13,,3.78,4.31,SKU_0020
2024-11-10,3.24,,3.78,2.94,SKU_0020
2024-11-11,3.75,,3.78,3.74,SKU_0020
2024-11-12,3.47,,3.78,3.3,SKU_0020
2024-11-13,3.67,,3.78,3.6,SKU_0020
2024-11-14,3.38,,3.78,3.17,SKU_0020
2024-11-15,3.93,,3.78,4.01,SKU_0020
2024-11-16,4.12,,3.78,4.31,SKU_0020
2024-11-17,3.23,,3.78,2.93,SKU_0020
2024-11-18,3.75,,3.78,3.73,SKU_0020
2024-11-19,3.46,,3.78,3.29,SKU_0020
2024-11-20,3.66,,3.78,3.6,SKU_0020
2024-11-21,3.38,,3.78,3.16,SKU_0020
2024-11-22,3.93,,3.78,4.0,SKU_0020
2024-11-23,4.12,,3.78,4.3,SKU_0020
2024-11-24,3.22,,3.78,2.92,SKU_0020
2024-11-25,3.74,,3.78,3.72,SKU_0020
2024-11-02,3.94,,3.81,4.02,SKU_0021
2024-11-03,3.85,,3.81,3.87,SKU_0021
2024-11-04,4.01,,3.81,4.12,SKU_0021
2024-11-05,3.98,,3.82,4.07,SKU_0021
2024-11-06,3.87,,3.82,3.9,SKU_0021
2024-11-07,4.06,,3.82,4.2,SKU_0021
2024-11-08,3.82,,3.82,3.82,SKU_0021
2024-11-09,3.95,,3.82,4.02,SKU_0021
2024-11-10,3.86,,3.82,3.88,SKU_0021
2024-11-11,4.02,,3.82,4.13,SKU_0021
2024-11-12,3.99,,3.82,4.08,SKU_0021
2024-11-13,3.88,,3.82,3.9,SKU_0021
2024-11-14,4.07,,3.82,4.2,SKU_0021
2024-11-15,3.83,,3.82,3.83,SKU_0021
2024-11-16,3.96,,3.82,4.03,SKU_0021
2024-11-17,3.86,,3.82,3.88,SKU_0021
2024-11-18,4.03,,3.82,4.13,SKU_0021
2024-11-19,3.99,,3.82,4.09,SKU_0021
2024-11-20,3.88,,3.82,3.91,SKU_0021
2024-11-21,4.08,,3.82,4.21,SKU_0021
2024-11-22,3.83,,3.82,3.84,SKU_0021
2024-11-23,3.96,,3.82,4.04,SKU_0021
2024-11-24,3.87,,3.82,3.89,SKU_0021
2024-11-25,4.03,,3.82,4.14,SKU_0021
2024-11-26,4.0,,3.82,4.09,SKU_0021
2024-11-27,3.89,,3.82,3.92,SKU_0021
2024-11-28,4.08,,3.82,4.22,SKU_0021
2024-11-29,3.84,,3.82,3.85,SKU_0021
2024-11-30,3.97,,3.82,4.05,SKU_0021
2024-12-01,3.87,,3.82,3.9,SKU_0021
2024-11-13,3.81,,3.89,3.78,SKU_0022
2024-11-14,3.97,,3.89,4.01,SKU_0022
2024-11-15,3.77,,3.9,3.7,SKU_0022
2024-11-16,4.34,,3.9,4.58,SKU_0022
2024-11-17,3.66,,3.91,3.53,SKU_0022
2024-11-18,3.87,,3.92,3.85,SKU_0022
2024-11-19,4.0,,3.92,4.04,SKU_0022
2024-11-20,3.83,,3.92,3.77,SKU_0022
2024-11-21,3.98,,3.92,4.01,SKU_0022
2024-11-22,3.77,,3.93,3.69,SKU_0022
2024-11-23,4.35,,3.93,4.58,SKU_0022
2024-11-24,3.66,,3.93,3.52,SKU_0022
2024-11-25,3.88,,3.93,3.85,SKU_0022
2024-11-26,4.0,,3.93,4.04,SKU_0022
2024-11-27,3.83,,3.93,3.77,SKU_0022
2024-11-28,3.98,,3.93,4.01,SKU_0022
2024-11-29,3.77,,3.93,3.69,SKU_0022
2024-11-30,4.35,,3.93,4.58,SKU_0022
2024-12-01,3.66,,3.93,3.52,SKU_0022
2024-12-02,3.87,,3.93,3.85,SKU_0022
2024-12-03,4.0,,3.93,4.03,SKU_0022
2024-12-04,3.82,,3.93,3.77,SKU_0022
2024-12-05,3.98,,3.93,4.01,SKU_0022
2024-12-06,3.77,,3.93,3.69,SKU_0022
2024-12-07,4.35,,3.93,4.57,SKU_0022
2024-12-08,3.66,,3.93,3.52,SKU_0022
2024-12-09,3.87,,3.93,3.84,SKU_0022
2024-12-10,4.0,,3.93,4.03,SKU_0022
2024-12-11,3.82,,3.93,3.77,SKU_0022
2024-12-12,3.98,,3.93,4.0,SKU_0022
2024-11-14,3.63,,3.97,3.44,SKU_0023
2024-11-15,3.59,,3.97,3.38,SKU_0023
2024-11-16,3.85,,3.98,3.78,SKU_0023
2024-11-17,4.15,,3.98,4.24,SKU_0023
2024-11-18,4.41,,3.99,4.64,SKU_0023
2024-11-19,3.52,,4.0,3.27,SKU_0023
2024-11-20,4.62,,4.0,4.95,SKU_0023
2024-11-21,3.63,,4.0,3.44,SKU_0023
2024-11-22,3.6,,4.0,3.38,SKU_0023
2024-11-23,3.86,,4.01,3.78,SKU_0023
2024-11-24,4.16,,4.01,4.24,SKU_0023
2024-11-25,4.42,,4.01,4.63,SKU_0023
2024-11-26,3.52,,4.01,3.26,SKU_0023
2024-11-27,4.62,,4.01,4.95,SKU_0023
2024-11-28,3.63,,4.01,3.43,SKU_0023
2024-11-29,3.6,,4.01,3.38,SKU_0023
2024-11-30,3.86,,4.01,3.77,SKU_0023
2024-12-01,4.15,,4.01,4.23,SKU_0023
2024-12-02,4.41,,4.01,4.63,SKU_0023
2024-12-03,3.52,,4.01,3.26,SKU_0023
2024-12-04,4.62,,4.01,4.94,SKU_0023
2024-12-05,3.63,,4.01,3.43,SKU_0023
2024-12-06,3.6,,4.01,3.37,SKU_0023
2024-12-07,3.85,,4.01,3.77,SKU_0023
2024-12-08,4.15,,4.01,4.23,SKU_0023
2024-12-09,4.41,,4.01,4.63,SKU_0023
2024-12-10,3.52,,4.01,3.25,SKU_0023
2024-12-11,4.61,,4.01,4.94,SKU_0023
2024-12-12,3.63,,4.01,3.42,SKU_0023
2024-12-13,3.59,,4.01,3.37,SKU_0023
2024-11-10,4.1,,3.97,4.17,SKU_0024
2024-11-11,4.39,,3.98,4.61,SKU_0024
2024-11-12,4.23,,3.98,4.36,SKU_0024
2024-11-13,4.26,,3.97,4.42,SKU_0024
2024-11-14,4.33,,3.96,4.52,SKU_0024
2024-11-15,4.19,,3.96,4.31,SKU_0024
2024-11-16,4.02,,3.95,4.06,SKU_0024
2024-11-17,4.11,,3.95,4.2,SKU_0024
2024-11-18,4.4,,3.95,4.64,SKU_0024
2024-11-19,4.23,,3.95,4.39,SKU_0024
2024-11-20,4.27,,3.94,4.44,SKU_0024
2024-11-21,4.34,,3.94,4.55,SKU_0024
2024-11-22,4.2,,3.94,4.34,SKU_0024
2024-11-23,4.03,,3.94,4.08,SKU_0024
2024-11-24,4.13,,3.94,4.23,SKU_0024
2024-11-25,4.41,,3.94,4.67,SKU_0024
2024-11-26,4.25,,3.94,4.41,SKU_0024
2024-11-27,4.28,,3.94,4.47,SKU_0024
2024-11-28,4.35,,3.94,4.57,SKU_0024
2024-11-29,4.22,,3.94,4.37,SKU_0024
2024-11-30,4.05,,3.94,4.11,SKU_0024
2024-12-01,4.14,,3.94,4.25,SKU_0024
2024-12-02,4.43,,3.94,4.69,SKU_0024
2024-12-03,4.26,,3.94,4.44,SKU_0024
2024-12-04,4.3,,3.94,4.49,SKU_0024
2024-12-05,4.37,,3.94,4.6,SKU_0024
2024-12-06,4.23,,3.94,4.39,SKU_0024
2024-12-07,4.07,,3.94,4.13,SKU_0024
2024-12-08,4.16,,3.94,4.28,SKU_0024
2024-12-09,4.45,,3.94,4.72,SKU_0024
2024-11-10,3.38,,3.44,3.34,SKU_0025
2024-11-11,3.51,,3.45,3.54,SKU_0025
2024-11-12,3.36,,3.46,3.3,SKU_0025
2024-11-13,3.18,,3.47,3.02,SKU_0025
2024-11-14,3.69,,3.48,3.81,SKU_0025
2024-11-15,3.18,,3.49,3.01,SKU_0025
2024-11-16,3.26,,3.49,3.14,SKU_0025
2024-11-17,3.39,,3.49,3.33,SKU_0025
2024-11-18,3.52,,3.5,3.53,SKU_0025
2024-11-19,3.36,,3.5,3.29,SKU_0025
2024-11-20,3.18,,3.5,3.0,SKU_0025
2024-11-21,3.69,,3.5,3.8,SKU_0025
2024-11-22,3.17,,3.5,3.0,SKU_0025
2024-11-23,3.26,,3.5,3.13,SKU_0025
2024-11-24,3.38,,3.5,3.32,SKU_0025
2024-11-25,3.51,,3.5,3.51,SKU_0025
2024-11-26,3.35,,3.5,3.28,SKU_0025
2024-11-27,3.17,,3.5,2.99,SKU_0025
2024-11-28,3.68,,3.5,3.78,SKU_0025
2024-11-29,3.17,,3.5,2.99,SKU_0025
2024-11-30,3.25,,3.5,3.11,SKU_0025
2024-12-01,3.37,,3.5,3.3,SKU_0025
2024-12-02,3.5,,3.5,3.5,SKU_0025
2024-12-03,3.35,,3.5,3.26,SKU_0025
2024-12-04,3.16,,3.5,2.98,SKU_0025
2024-12-05,3.68,,3.5,3.77,SKU_0025
2024-12-06,3.16,,3.5,2.98,SKU_0025
2024-12-07,3.24,,3.5,3.1,SKU_0025
2024-12-08,3.36,,3.5,3.29,SKU_0025
2024-12-09,3.49,,3.5,3.49,SKU_0025
2024-11-11,3.5,,3.79,3.35,SKU_0026
2024-11-12,4.0,,3.79,4.11,SKU_0026
2024-11-13,3.69,,3.79,3.63,SKU_0026
2024-11-14,3.36,,3.8,3.12,SKU_0026
2024-11-15,3.94,,3.8,4.01,SKU_0026
2024-11-16,3.48,,3.81,3.31,SKU_0026
2024-11-17,3.95,,3.81,4.03,SKU_0026
2024-11-18,3.51,,3.81,3.34,SKU_0026
2024-11-19,4.0,,3.81,4.11,SKU_0026
2024-11-20,3.69,,3.81,3.62,SKU_0026
2024-11-21,3.36,,3.81,3.11,SKU_0026
2024-11-22,3.93,,3.81,4.0,SKU_0026
2024-11-23,3.48,,3.81,3.3,SKU_0026
2024-11-24,3.95,,3.81,4.03,SKU_0026
2024-11-25,3.5,,3.81,3.34,SKU_0026
2024-11-26,4.0,,3.81,4.1,SKU_0026
2024-11-27,3.68,,3.81,3.62,SKU_0026
2024-11-28,3.35,,3.81,3.1,SKU_0026
2024-11-29,3.93,,3.81,3.99,SKU_0026
2024-11-30,3.47,,3.81,3.29,SKU_0026
2024-12-01,3.94,,3.81,4.02,SKU_0026
2024-12-02,3.5,,3.81,3.33,SKU_0026
2024-12-03,3.99,,3.81,4.09,SKU_0026
2024-12-04,3.68,,3.81,3.61,SKU_0026
2024-12-05,3.34,,3.81,3.09,SKU_0026
2024-12-06,3.92,,3.81,3.99,SKU_0026
2024-12-07,3.47,,3.81,3.28,SKU_0026
2024-12-08,3.94,,3.81,4.01,SKU_0026
2024-12-09,3.49,,3.81,3.32,SKU_0026
2024-12-10,3.99,,3.81,4.08,SKU_0026
2024-11-08,4.14,,3.95,4.24,SKU_0027
2024-11-09,4.11,,3.98,4.19,SKU_0027
2024-11-10,4.21,,3.99,4.33,SKU_0027
2024-11-11,3.79,,3.98,3.69,SKU_0027
2024-11-12,4.26,,3.98,4.41,SKU_0027
2024-11-13,4.08,,3.97,4.14,SKU_0027
2024-11-14,4.19,,3.97,4.31,SKU_0027
2024-11-15,4.15,,3.96,4.26,SKU_0027
2024-11-16,4.12,,3.95,4.2,SKU_0027
2024-11-17,4.21,,3.95,4.34,SKU_0027
2024-11-18,3.79,,3.95,3.71,SKU_0027
2024-11-19,4.26,,3.95,4.43,SKU_0027
2024-11-20,4.08,,3.94,4.15,SKU_0027
2024-11-21,4.19,,3.94,4.32,SKU_0027
2024-11-22,4.16,,3.94,4.27,SKU_0027
2024-11-23,4.12,,3.94,4.22,SKU_0027
2024-11-24,4.21,,3.94,4.36,SKU_0027
2024-11-25,3.8,,3.94,3.72,SKU_0027
2024-11-26,4.27,,3.94,4.45,SKU_0027
2024-11-27,4.09,,3.94,4.17,SKU_0027
2024-11-28,4.2,,3.94,4.34,SKU_0027
2024-11-29,4.17,,3.94,4.29,SKU_0027
2024-11-30,4.13,,3.94,4.24,SKU_0027
2024-12-01,4.22,,3.94,4.37,SKU_0027
2024-12-02,3.81,,3.94,3.74,SKU_0027
2024-12-03,4.28,,3.94,4.46,SKU_0027
2024-12-04,4.1,,3.94,4.19,SKU_0027
2024-12-05,4.21,,3.94,4.36,SKU_0027
2024-12-06,4.18,,3.94,4.3,SKU_0027
2024-12-07,4.14,,3.94,4.25,SKU_0027
2024-11-06,3.58,,3.9,3.41,SKU_0028
2024-11-07,3.65,,3.9,3.51,SKU_0028
2024-11-08,3.7,,3.89,3.59,SKU_0028
2024-11-09,3.86,,3.88,3.85,SKU_0028
2024-11-10,3.84,,3.87,3.82,SKU_0028
2024-11-11,3.68,,3.87,3.59,SKU_0028
2024-11-12,3.27,,3.87,2.95,SKU_0028
2024-11-13,3.55,,3.86,3.39,SKU_0028
2024-11-14,3.62,,3.86,3.49,SKU_0028
2024-11-15,3.68,,3.86,3.57,SKU_0028
2024-11-16,3.84,,3.86,3.83,SKU_0028
2024-11-17,3.82,,3.86,3.8,SKU_0028
2024-11-18,3.67,,3.86,3.56,SKU_0028
2024-11-19,3.26,,3.86,2.93,SKU_0028
2024-11-20,3.54,,3.86,3.37,SKU_0028
2024-11-21,3.61,,3.86,3.47,SKU_0028
2024-11-22,3.66,,3.86,3.55,SKU_0028
2024-11-23,3.83,,3.86,3.81,SKU_0028
2024-11-24,3.81,,3.86,3.78,SKU_0028
2024-11-25,3.66,,3.86,3.54,SKU_0028
2024-11-26,3.25,,3.86,2.91,SKU_0028
2024-11-27,3.53,,3.86,3.34,SKU_0028
2024-11-28,3.59,,3.86,3.45,SKU_0028
2024-11-29,3.65,,3.86,3.53,SKU_0028
2024-11-30,3.81,,3.86,3.79,SKU_0028
2024-12-01,3.79,,3.86,3.75,SKU_0028
2024-12-02,3.64,,3.86,3.52,SKU_0028
2024-12-03,3.23,,3.86,2.89,SKU_0028
2024-12-04,3.51,,3.86,3.32,SKU_0028
2024-12-05,3.58,,3.86,3.43,SKU_0028
2024-11-10,4.02,,4.0,4.03,SKU_0029
2024-11-11,4.6,,4.0,4.93,SKU_0029
2024-11-12,3.83,,3.97,3.76,SKU_0029
2024-11-13,4.26,,3.93,4.44,SKU_0029
2024-11-14,4.2,,3.9,4.36,SKU_0029
2024-11-15,4.65,,3.87,5.07,SKU_0029
2024-11-16,3.86,,3.85,3.87,SKU_0029
2024-11-17,3.99,,3.84,4.06,SKU_0029
2024-11-18,4.57,,3.83,4.96,SKU_0029
2024-11-19,3.8,,3.83,3.79,SKU_0029
2024-11-20,4.25,,3.82,4.47,SKU_0029
2024-11-21,4.19,,3.82,4.39,SKU_0029
2024-11-22,4.65,,3.82,5.1,SKU_0029
2024-11-23,3.87,,3.82,3.9,SKU_0029
2024-11-24,4.0,,3.82,4.1,SKU_0029
2024-11-25,4.58,,3.82,5.0,SKU_0029
2024-11-26,3.82,,3.82,3.83,SKU_0029
2024-11-27,4.27,,3.82,4.51,SKU_0029
2024-11-28,4.21,,3.82,4.42,SKU_0029
2024-11-29,4.67,,3.82,5.13,SKU_0029
2024-11-30,3.89,,3.82,3.93,SKU_0029
2024-12-01,4.02,,3.82,4.13,SKU_0029
2024-12-02,4.61,,3.82,5.03,SKU_0029
2024-12-03,3.84,,3.82,3.86,SKU_0029
2024-12-04,4.29,,3.82,4.54,SKU_0029
2024-12-05,4.23,,3.82,4.46,SKU_0029
2024-12-06,4.69,,3.82,5.17,SKU_0029
2024-12-07,3.91,,3.82,3.97,SKU_0029
2024-12-08,4.04,,3.82,4.16,SKU_0029
2024-12-09,4.63,,3.82,5.06,SKU_0029
2024-11-04,3.69,,4.0,3.53,SKU_0030
2024-11-05,3.97,,4.01,3.96,SKU_0030
2024-11-06,4.48,,4.01,4.73,SKU_0030
2024-11-07,4.43,,4.01,4.66,SKU_0030
2024-11-08,4.0,,4.02,3.99,SKU_0030
2024-11-09,3.75,,4.02,3.6,SKU_0030
2024-11-10,4.13,,4.02,4.19,SKU_0030
2024-11-11,3.7,,4.02,3.53,SKU_0030
2024-11-12,3.98,,4.02,3.96,SKU_0030
2024-11-13,4.48,,4.02,4.74,SKU_0030
2024-11-14,4.44,,4.02,4.67,SKU_0030
2024-11-15,4.0,,4.02,3.99,SKU_0030
2024-11-16,3.75,,4.02,3.61,SKU_0030
2024-11-17,4.14,,4.02,4.2,SKU_0030
2024-11-18,3.71,,4.02,3.54,SKU_0030
2024-11-19,3.99,,4.02,3.97,SKU_0030
2024-11-20,4.49,,4.02,4.74,SKU_0030
2024-11-21,4.44,,4.02,4.67,SKU_0030
2024-11-22,4.0,,4.02,4.0,SKU_0030
2024-11-23,3.76,,4.02,3.62,SKU_0030
2024-11-24,4.14,,4.02,4.2,SKU_0030
2024-11-25,3.71,,4.02,3.55,SKU_0030
2024-11-26,3.99,,4.02,3.97,SKU_0030
2024-11-27,4.49,,4.02,4.75,SKU_0030
2024-11-28,4.45,,4.02,4.68,SKU_0030
2024-11-29,4.01,,4.02,4.0,SKU_0030
2024-11-30,3.76,,4.02,3.62,SKU_0030
2024-12-01,4.14,,4.02,4.21,SKU_0030
2024-12-02,3.71,,4.02,3.55,SKU_0030
2024-12-03,3.99,,4.02,3.98,SKU_0030
2024-11-06,4.02,,4.08,3.98,SKU_0031
2024-11-07,4.23,,4.07,4.32,SKU_0031
2024-11-08,3.85,,4.08,3.73,SKU_0031
2024-11-09,3.98,,4.09,3.93,SKU_0031
2024-11-10,4.13,,4.1,4.14,SKU_0031
2024-11-11,4.71,,4.11,5.04,SKU_0031
2024-11-12,4.18,,4.11,4.22,SKU_0031
2024-11-13,4.03,,4.12,3.99,SKU_0031
2024-11-14,4.25,,4.12,4.32,SKU_0031
2024-11-15,3.87,,4.12,3.74,SKU_0031
2024-11-16,4.0,,4.12,3.94,SKU_0031
2024-11-17,4.14,,4.12,4.15,SKU_0031
2024-11-18,4.72,,4.13,5.04,SKU_0031
2024-11-19,4.19,,4.13,4.23,SKU_0031
2024-11-20,4.04,,4.13,4.0,SKU_0031
2024-11-21,4.26,,4.13,4.33,SKU_0031
2024-11-22,3.88,,4.13,3.74,SKU_0031
2024-11-23,4.01,,4.13,3.94,SKU_0031
2024-11-24,4.15,,4.13,4.16,SKU_0031
2024-11-25,4.73,,4.13,5.05,SKU_0031
2024-11-26,4.2,,4.13,4.24,SKU_0031
2024-11-27,4.05,,4.13,4.0,SKU_0031
2024-11-28,4.26,,4.13,4.34,SKU_0031
2024-11-29,3.88,,4.13,3.75,SKU_0031
2024-11-30,4.01,,4.13,3.95,SKU_0031
2024-12-01,4.15,,4.13,4.16,SKU_0031
2024-12-02,4.73,,4.13,5.06,SKU_0031
2024-12-03,4.2,,4.13,4.24,SKU_0031
2024-12-04,4.05,,4.13,4.01,SKU_0031
2024-12-05,4.27,,4.13,4.35,SKU_0031
2024-10-15,4.57,,4.05,4.85,SKU_0032
2024-10-16,4.03,,4.06,4.02,SKU_0032
2024-10-17,4.0,,4.06,3.96,SKU_0032
2024-10-18,4.03,,4.06,4.02,SKU_0032
2024-10-19,3.81,,4.06,3.67,SKU_0032
2024-10-20,3.6,,4.05,3.36,SKU_0032
2024-10-21,3.69,,4.05,3.5,SKU_0032
2024-10-22,4.56,,4.05,4.84,SKU_0032
2024-10-23,4.02,,4.05,4.01,SKU_0032
2024-10-24,3.99,,4.04,3.96,SKU_0032
2024-10-25,4.02,,4.04,4.01,SKU_0032
2024-10-26,3.8,,4.04,3.67,SKU_0032
2024-10-27,3.6,,4.04,3.35,SKU_0032
2024-10-28,3.69,,4.04,3.5,SKU_0032
2024-10-29,4.56,,4.04,4.84,SKU_0032
2024-10-30,4.02,,4.04,4.01,SKU_0032
2024-10-31,3.98,,4.04,3.95,SKU_0032
2024-11-01,4.02,,4.04,4.01,SKU_0032
2024-11-02,3.8,,4.04,3.67,SKU_0032
2024-11-03,3.59,,4.04,3.35,SKU_0032
2024-11-04,3.69,,4.04,3.49,SKU_0032
2024-11-05,4.56,,4.04,4.84,SKU_0032
2024-11-06,4.02,,4.04,4.01,SKU_0032
2024-11-07,3.98,,4.04,3.95,SKU_0032
2024-11-08,4.02,,4.04,4.0,SKU_0032
2024-11-09,3.79,,4.04,3.66,SKU_0032
2024-11-10,3.59,,4.04,3.35,SKU_0032
2024-11-11,3.68,,4.04,3.49,SKU_0032
2024-11-12,4.56,,4.04,4.83,SKU_0032
2024-11-13,4.02,,4.04,4.0,SKU_0032
2024-11-03,3.98,,3.75,4.11,SKU_0033
2024-11-04,3.77,,3.84,3.74,SKU_0033
2024-11-05,3.89,,3.89,3.88,SKU_0033
2024-11-06,3.91,,3.91,3.91,SKU_0033
2024-11-07,3.78,,3.91,3.71,SKU_0033
2024-11-08,4.03,,3.91,4.09,SKU_0033
2024-11-09,3.7,,3.9,3.59,SKU_0033
2024-11-10,4.04,,3.89,4.12,SKU_0033
2024-11-11,3.8,,3.88,3.75,SKU_0033
2024-11-12,3.89,,3.87,3.89,SKU_0033
2024-11-13,3.9,,3.87,3.92,SKU_0033
2024-11-14,3.77,,3.86,3.72,SKU_0033
2024-11-15,4.01,,3.85,4.1,SKU_0033
2024-11-16,3.68,,3.84,3.59,SKU_0033
2024-11-17,4.03,,3.84,4.13,SKU_0033
2024-11-18,3.78,,3.83,3.76,SKU_0033
2024-11-19,3.87,,3.83,3.9,SKU_0033
2024-11-20,3.89,,3.82,3.93,SKU_0033
2024-11-21,3.76,,3.82,3.73,SKU_0033
2024-11-22,4.0,,3.82,4.1,SKU_0033
2024-11-23,3.68,,3.81,3.6,SKU_0033
2024-11-24,4.02,,3.81,4.13,SKU_0033
2024-11-25,3.78,,3.81,3.76,SKU_0033
2024-11-26,3.87,,3.81,3.91,SKU_0033
2024-11-27,3.89,,3.81,3.94,SKU_0033
2024-11-28,3.76,,3.8,3.74,SKU_0033
2024-11-29,4.0,,3.8,4.11,SKU_0033
2024-11-30,3.68,,3.8,3.61,SKU_0033
2024-12-01,4.02,,3.8,4.14,SKU_0033
2024-12-02,3.78,,3.8,3.77,SKU_0033
2024-11-06,3.6,,3.89,3.44,SKU_0034
2024-11-07,3.95,,3.9,3.98,SKU_0034
2024-11-08,3.89,,3.91,3.87,SKU_0034
2024-11-09,3.72,,3.91,3.62,SKU_0034
2024-11-10,4.1,,3.91,4.21,SKU_0034
2024-11-11,3.42,,3.91,3.16,SKU_0034
2024-11-12,3.7,,3.91,3.58,SKU_0034
2024-11-13,3.6,,3.91,3.43,SKU_0034
2024-11-14,3.95,,3.91,3.97,SKU_0034
2024-11-15,3.88,,3.91,3.87,SKU_0034
2024-11-16,3.72,,3.91,3.61,SKU_0034
2024-11-17,4.1,,3.91,4.2,SKU_0034
2024-11-18,3.42,,3.91,3.15,SKU_0034
2024-11-19,3.69,,3.91,3.57,SKU_0034
2024-11-20,3.6,,3.91,3.42,SKU_0034
2024-11-21,3.94,,3.91,3.96,SKU_0034
2024-11-22,3.88,,3.91,3.86,SKU_0034
2024-11-23,3.71,,3.91,3.6,SKU_0034
2024-11-24,4.09,,3.91,4.19,SKU_0034
2024-11-25,3.41,,3.91,3.14,SKU_0034
2024-11-26,3.69,,3.91,3.56,SKU_0034
2024-11-27,3.59,,3.91,3.41,SKU_0034
2024-11-28,3.94,,3.91,3.95,SKU_0034
2024-11-29,3.87,,3.91,3.85,SKU_0034
2024-11-30,3.7,,3.91,3.59,SKU_0034
2024-12-01,4.09,,3.91,4.18,SKU_0034
2024-12-02,3.41,,3.91,3.13,SKU_0034
2024-12-03,3.68,,3.91,3.55,SKU_0034
2024-12-04,3.58,,3.91,3.41,SKU_0034
2024-12-05,3.93,,3.91,3.94,SKU_0034
2024-11-14,4.68,,4.16,4.96,SKU_0035
2024-11-15,4.46,,4.17,4.62,SKU_0035
2024-11-16,4.26,,4.18,4.31,SKU_0035
2024-11-17,3.98,,4.19,3.86,SKU_0035
2024-11-18,4.19,,4.2,4.18,SKU_0035
2024-11-19,4.28,,4.21,4.32,SKU_0035
2024-11-20,4.56,,4.22,4.75,SKU_0035
2024-11-21,4.71,,4.22,4.97,SKU_0035
2024-11-22,4.49,,4.22,4.63,SKU_0035
2024-11-23,4.28,,4.22,4.32,SKU_0035
2024-11-24,4.0,,4.22,3.87,SKU_0035
2024-11-25,4.2,,4.22,4.19,SKU_0035
2024-11-26,4.29,,4.22,4.33,SKU_0035
2024-11-27,4.57,,4.22,4.76,SKU_0035
2024-11-28,4.72,,4.22,4.98,SKU_0035
2024-11-29,4.5,,4.22,4.64,SKU_0035
2024-11-30,4.29,,4.22,4.33,SKU_0035
2024-12-01,4.0,,4.22,3.88,SKU_0035
2024-12-02,4.21,,4.22,4.2,SKU_0035
2024-12-03,4.3,,4.22,4.34,SKU_0035
2024-12-04,4.58,,4.22,4.77,SKU_0035
2024-12-05,4.73,,4.22,4.99,SKU_0035
2024-12-06,4.5,,4.22,4.65,SKU_0035
2024-12-07,4.3,,4.22,4.34,SKU_0035
2024-12-08,4.01,,4.22,3.89,SKU_0035
2024-12-09,4.22,,4.22,4.21,SKU_0035
2024-12-10,4.3,,4.22,4.35,SKU_0035
2024-12-11,4.59,,4.22,4.78,SKU_0035
2024-12-12,4.73,,4.22,5.0,SKU_0035
2024-12-13,4.51,,4.22,4.66,SKU_0035
2024-11-09,3.55,,3.86,3.39,SKU_0036
2024-11-10,3.76,,3.84,3.71,SKU_0036
2024-11-11,3.88,,3.83,3.91,SKU_0036
2024-11-12,3.83,,3.81,3.84,SKU_0036
2024-11-13,3.82,,3.8,3.84,SKU_0036
2024-11-14,3.32,,3.79,3.06,SKU_0036
2024-11-15,3.7,,3.79,3.65,SKU_0036
2024-11-16,3.52,,3.78,3.38,SKU_0036
2024-11-17,3.73,,3.78,3.71,SKU_0036
2024-11-18,3.86,,3.77,3.91,SKU_0036
2024-11-19,3.81,,3.77,3.83,SKU_0036
2024-11-20,3.81,,3.77,3.83,SKU_0036
2024-11-21,3.3,,3.77,3.05,SKU_0036
2024-11-22,3.69,,3.76,3.65,SKU_0036
2024-11-23,3.51,,3.76,3.38,SKU_0036
2024-11-24,3.72,,3.76,3.7,SKU_0036
2024-11-25,3.85,,3.76,3.9,SKU_0036
2024-11-26,3.8,,3.76,3.82,SKU_0036
2024-11-27,3.8,,3.76,3.82,SKU_0036
2024-11-28,3.3,,3.76,3.05,SKU_0036
2024-11-29,3.68,,3.76,3.64,SKU_0036
2024-11-30,3.51,,3.76,3.37,SKU_0036
2024-12-01,3.72,,3.76,3.7,SKU_0036
2024-12-02,3.85,,3.76,3.89,SKU_0036
2024-12-03,3.8,,3.76,3.82,SKU_0036
2024-12-04,3.8,,3.76,3.82,SKU_0036
2024-12-05,3.29,,3.76,3.04,SKU_0036
2024-12-06,3.68,,3.76,3.64,SKU_0036
2024-12-07,3.5,,3.76,3.37,SKU_0036
2024-12-08,3.72,,3.76,3.69,SKU_0036
2024-11-03,3.53,,3.97,3.29,SKU_0037
2024-11-04,4.1,,3.97,4.18,SKU_0037
2024-11-05,3.72,,3.96,3.59,SKU_0037
2024-11-06,3.76,,3.95,3.65,SKU_0037
2024-11-07,3.91,,3.95,3.89,SKU_0037
2024-11-08,4.29,,3.94,4.47,SKU_0037
2024-11-09,3.85,,3.94,3.8,SKU_0037
2024-11-10,3.51,,3.93,3.29,SKU_0037
2024-11-11,4.09,,3.93,4.17,SKU_0037
2024-11-12,3.71,,3.93,3.59,SKU_0037
2024-11-13,3.75,,3.93,3.65,SKU_0037
2024-11-14,3.9,,3.93,3.88,SKU_0037
2024-11-15,4.28,,3.93,4.47,SKU_0037
2024-11-16,3.84,,3.93,3.8,SKU_0037
2024-11-17,3.51,,3.93,3.29,SKU_0037
2024-11-18,4.09,,3.93,4.17,SKU_0037
2024-11-19,3.71,,3.93,3.59,SKU_0037
2024-11-20,3.75,,3.93,3.65,SKU_0037
2024-11-21,3.9,,3.93,3.88,SKU_0037
2024-11-22,4.28,,3.93,4.47,SKU_0037
2024-11-23,3.84,,3.93,3.79,SKU_0037
2024-11-24,3.51,,3.93,3.29,SKU_0037
2024-11-25,4.09,,3.93,4.17,SKU_0037
2024-11-26,3.71,,3.93,3.59,SKU_0037
2024-11-27,3.75,,3.93,3.65,SKU_0037
2024-11-28,3.9,,3.93,3.88,SKU_0037
2024-11-29,4.28,,3.93,4.47,SKU_0037
2024-11-30,3.84,,3.93,3.79,SKU_0037
2024-12-01,3.51,,3.93,3.28,SKU_0037
2024-12-02,4.09,,3.93,4.17,SKU_0037
2024-11-07,3.96,,4.1,3.88,SKU_0038
2024-11-08,3.9,,4.09,3.8,SKU_0038
2024-11-09,4.57,,4.08,4.82,SKU_0038
2024-11-10,3.71,,4.08,3.52,SKU_0038
2024-11-11,3.88,,4.07,3.77,SKU_0038
2024-11-12,4.02,,4.07,3.99,SKU_0038
2024-11-13,4.13,,4.07,4.16,SKU_0038
2024-11-14,3.95,,4.07,3.89,SKU_0038
2024-11-15,3.9,,4.07,3.81,SKU_0038
2024-11-16,4.56,,4.07,4.83,SKU_0038
2024-11-17,3.71,,4.07,3.52,SKU_0038
2024-11-18,3.87,,4.07,3.77,SKU_0038
2024-11-19,4.02,,4.07,3.99,SKU_0038
2024-11-20,4.13,,4.07,4.16,SKU_0038
2024-11-21,3.95,,4.07,3.89,SKU_0038
2024-11-22,3.9,,4.07,3.81,SKU_0038
2024-11-23,4.56,,4.07,4.83,SKU_0038
2024-11-24,3.71,,4.07,3.52,SKU_0038
2024-11-25,3.88,,4.07,3.77,SKU_0038
2024-11-26,4.02,,4.07,4.0,SKU_0038
2024-11-27,4.13,,4.07,4.16,SKU_0038
2024-11-28,3.95,,4.07,3.89,SKU_0038
2024-11-29,3.9,,4.07,3.81,SKU_0038
2024-11-30,4.56,,4.07,4.83,SKU_0038
2024-12-01,3.72,,4.07,3.53,SKU_0038
2024-12-02,3.88,,4.07,3.78,SKU_0038
2024-12-03,4.02,,4.07,4.0,SKU_0038
2024-12-04,4.13,,4.07,4.17,SKU_0038
2024-12-05,3.95,,4.07,3.89,SKU_0038
2024-12-06,3.9,,4.07,3.81,SKU_0038
2024-11-09,4.07,,3.99,4.11,SKU_0039
2024-11-10,3.77,,4.01,3.64,SKU_0039
2024-11-11,4.16,,4.03,4.22,SKU_0039
2024-11-12,4.23,,4.04,4.33,SKU_0039
2024-11-13,4.56,,4.05,4.83,SKU_0039
2024-11-14,4.27,,4.06,4.39,SKU_0039
2024-11-15,4.1,,4.06,4.13,SKU_0039
2024-11-16,4.11,,4.06,4.13,SKU_0039
2024-11-17,3.8,,4.07,3.66,SKU_0039
2024-11-18,4.18,,4.07,4.24,SKU_0039
2024-11-19,4.25,,4.07,4.35,SKU_0039
2024-11-20,4.57,,4.07,4.85,SKU_0039
2024-11-21,4.28,,4.07,4.4,SKU_0039
2024-11-22,4.11,,4.07,4.14,SKU_0039
2024-11-23,4.12,,4.07,4.14,SKU_0039
2024-11-24,3.81,,4.07,3.67,SKU_0039
2024-11-25,4.19,,4.07,4.25,SKU_0039
2024-11-26,4.26,,4.07,4.36,SKU_0039
2024-11-27,4.58,,4.07,4.86,SKU_0039
2024-11-28,4.29,,4.07,4.42,SKU_0039
2024-11-29,4.12,,4.07,4.16,SKU_0039
2024-11-30,4.13,,4.07,4.16,SKU_0039
2024-12-01,3.82,,4.07,3.69,SKU_0039
2024-12-02,4.2,,4.07,4.27,SKU_0039
2024-12-03,4.27,,4.07,4.37,SKU_0039
2024-12-04,4.59,,4.07,4.88,SKU_0039
2024-12-05,4.3,,4.07,4.43,SKU_0039
2024-12-06,4.13,,4.07,4.17,SKU_0039
2024-12-07,4.13,,4.07,4.17,SKU_0039
2024-12-08,3.83,,4.07,3.7,SKU_0039
2024-10-27,3.9,,3.65,4.04,SKU_0040
2024-10-28,3.64,,3.64,3.63,SKU_0040
2024-10-29,4.13,,3.66,4.39,SKU_0040
2024-10-30,4.11,,3.67,4.34,SKU_0040
2024-10-31,3.76,,3.69,3.8,SKU_0040
2024-11-01,3.84,,3.71,3.91,SKU_0040
2024-11-02,4.04,,3.73,4.21,SKU_0040
2024-11-03,3.94,,3.74,4.05,SKU_0040
2024-11-04,3.69,,3.76,3.65,SKU_0040
2024-11-05,4.18,,3.77,4.41,SKU_0040
2024-11-06,4.15,,3.78,4.35,SKU_0040
2024-11-07,3.81,,3.79,3.82,SKU_0040
2024-11-08,3.88,,3.79,3.93,SKU_0040
2024-11-09,4.08,,3.8,4.22,SKU_0040
2024-11-10,3.97,,3.81,4.06,SKU_0040
2024-11-11,3.71,,3.81,3.66,SKU_0040
2024-11-12,4.21,,3.81,4.42,SKU_0040
2024-11-13,4.18,,3.82,4.37,SKU_0040
2024-11-14,3.83,,3.82,3.83,SKU_0040
2024-11-15,3.9,,3.82,3.94,SKU_0040
2024-11-16,4.09,,3.83,4.24,SKU_0040
2024-11-17,3.99,,3.83,4.08,SKU_0040
2024-11-18,3.73,,3.83,3.68,SKU_0040
2024-11-19,4.22,,3.83,4.43,SKU_0040
2024-11-20,4.19,,3.83,4.38,SKU_0040
2024-11-21,3.84,,3.83,3.84,SKU_0040
2024-11-22,3.91,,3.83,3.95,SKU_0040
2024-11-23,4.1,,3.83,4.25,SKU_0040
2024-11-24,4.0,,3.83,4.09,SKU_0040
2024-11-25,3.74,,3.83,3.69,SKU_0040
2024-10-26,4.15,,3.85,4.31,SKU_0041
2024-10-27,4.29,,3.87,4.51,SKU_0041
2024-10-28,3.9,,3.89,3.9,SKU_0041
2024-10-29,3.52,,3.89,3.32,SKU_0041
2024-10-30,4.07,,3.89,4.16,SKU_0041
2024-10-31,3.4,,3.89,3.13,SKU_0041
2024-11-01,4.54,,3.89,4.9,SKU_0041
2024-11-02,4.17,,3.89,4.33,SKU_0041
2024-11-03,4.3,,3.88,4.53,SKU_0041
2024-11-04,3.9,,3.88,3.92,SKU_0041
2024-11-05,3.53,,3.88,3.34,SKU_0041
2024-11-06,4.07,,3.88,4.18,SKU_0041
2024-11-07,3.4,,3.88,3.14,SKU_0041
2024-11-08,4.55,,3.88,4.91,SKU_0041
2024-11-09,4.18,,3.88,4.35,SKU_0041
2024-11-10,4.31,,3.88,4.54,SKU_0041
2024-11-11,3.91,,3.88,3.93,SKU_0041
2024-11-12,3.54,,3.88,3.35,SKU_0041
2024-11-13,4.08,,3.88,4.19,SKU_0041
2024-11-14,3.41,,3.88,3.16,SKU_0041
2024-11-15,4.56,,3.88,4.93,SKU_0041
2024-11-16,4.19,,3.88,4.36,SKU_0041
2024-11-17,4.32,,3.88,4.56,SKU_0041
2024-11-18,3.92,,3.88,3.95,SKU_0041
2024-11-19,3.55,,3.88,3.37,SKU_0041
2024-11-20,4.09,,3.88,4.21,SKU_0041
2024-11-21,3.42,,3.88,3.18,SKU_0041
2024-11-22,4.57,,3.88,4.95,SKU_0041
2024-11-23,4.2,,3.88,4.38,SKU_0041
2024-11-24,4.33,,3.88,4.58,SKU_0041
2024-11-02,3.67,,4.0,3.49,SKU_0042
2024-11-03,4.13,,3.95,4.23,SKU_0042
2024-11-04,3.36,,3.91,3.06,SKU_0042
2024-11-05,4.12,,3.87,4.26,SKU_0042
2024-11-06,4.11,,3.85,4.26,SKU_0042
2024-11-07,3.57,,3.83,3.42,SKU_0042
2024-11-08,4.18,,3.82,4.37,SKU_0042
2024-11-09,3.61,,3.81,3.5,SKU_0042
2024-11-10,4.08,,3.8,4.23,SKU_0042
2024-11-11,3.32,,3.79,3.07,SKU_0042
2024-11-12,4.1,,3.79,4.26,SKU_0042
2024-11-13,4.1,,3.79,4.26,SKU_0042
2024-11-14,3.55,,3.79,3.43,SKU_0042
2024-11-15,4.17,,3.78,4.37,SKU_0042
2024-11-16,3.6,,3.78,3.5,SKU_0042
2024-11-17,4.08,,3.78,4.24,SKU_0042
2024-11-18,3.32,,3.78,3.07,SKU_0042
2024-11-19,4.1,,3.78,4.27,SKU_0042
2024-11-20,4.1,,3.78,4.27,SKU_0042
2024-11-21,3.56,,3.78,3.43,SKU_0042
2024-11-22,4.17,,3.78,4.38,SKU_0042
2024-11-23,3.6,,3.78,3.51,SKU_0042
2024-11-24,4.08,,3.78,4.24,SKU_0042
2024-11-25,3.32,,3.78,3.08,SKU_0042
2024-11-26,4.1,,3.78,4.27,SKU_0042
2024-11-27,4.1,,3.78,4.27,SKU_0042
2024-11-28,3.56,,3.78,3.44,SKU_0042
2024-11-29,4.17,,3.78,4.38,SKU_0042
2024-11-30,3.61,,3.78,3.51,SKU_0042
2024-12-01,4.08,,3.78,4.25,SKU_0042
2024-11-08,4.27,,4.04,4.4,SKU_0043
2024-11-09,3.84,,4.04,3.74,SKU_0043
2024-11-10,3.98,,4.03,3.95,SKU_0043
2024-11-11,4.08,,4.03,4.11,SKU_0043
2024-11-12,3.84,,4.02,3.74,SKU_0043
2024-11-13,3.46,,4.01,3.16,SKU_0043
2024-11-14,4.16,,4.01,4.24,SKU_0043
2024-11-15,4.26,,4.0,4.39,SKU_0043
2024-11-16,3.83,,4.0,3.74,SKU_0043
2024-11-17,3.97,,4.0,3.95,SKU_0043
2024-11-18,4.07,,4.0,4.1,SKU_0043
2024-11-19,3.83,,4.0,3.74,SKU_0043
2024-11-20,3.45,,4.0,3.16,SKU_0043
2024-11-21,4.16,,4.0,4.24,SKU_0043
2024-11-22,4.25,,4.0,4.39,SKU_0043
2024-11-23,3.83,,4.0,3.73,SKU_0043
2024-11-24,3.96,,4.0,3.95,SKU_0043
2024-11-25,4.07,,4.0,4.1,SKU_0043
2024-11-26,3.83,,4.0,3.73,SKU_0043
2024-11-27,3.45,,4.0,3.16,SKU_0043
2024-11-28,4.16,,4.0,4.24,SKU_0043
2024-11-29,4.25,,4.0,4.39,SKU_0043
2024-11-30,3.83,,4.0,3.73,SKU_0043
2024-12-01,3.96,,4.0,3.94,SKU_0043
2024-12-02,4.06,,4.0,4.1,SKU_0043
2024-12-03,3.83,,4.0,3.73,SKU_0043
2024-12-04,3.45,,4.0,3.16,SKU_0043
2024-12-05,4.15,,4.0,4.24,SKU_0043
2024-12-06,4.25,,4.0,4.39,SKU_0043
2024-12-07,3.82,,4.0,3.73,SKU_0043
2024-11-04,3.86,,4.07,3.75,SKU_0044
2024-11-05,4.0,,4.06,3.98,SKU_0044
2024-11-06,4.4,,4.05,4.59,SKU_0044
2024-11-07,3.69,,4.04,3.51,SKU_0044
2024-11-08,4.12,,4.03,4.18,SKU_0044
2024-11-09,4.3,,4.02,4.45,SKU_0044
2024-11-10,4.48,,4.02,4.73,SKU_0044
2024-11-11,3.85,,4.02,3.76,SKU_0044
2024-11-12,4.0,,4.01,3.99,SKU_0044
2024-11-13,4.39,,4.01,4.6,SKU_0044
2024-11-14,3.69,,4.01,3.52,SKU_0044
2024-11-15,4.12,,4.01,4.19,SKU_0044
2024-11-16,4.31,,4.01,4.47,SKU_0044
2024-11-17,4.49,,4.01,4.75,SKU_0044
2024-11-18,3.86,,4.01,3.77,SKU_0044
2024-11-19,4.0,,4.01,4.0,SKU_0044
2024-11-20,4.4,,4.01,4.61,SKU_0044
2024-11-21,3.7,,4.01,3.53,SKU_0044
2024-11-22,4.13,,4.0,4.2,SKU_0044
2024-11-23,4.31,,4.0,4.48,SKU_0044
2024-11-24,4.49,,4.0,4.76,SKU_0044
2024-11-25,3.86,,4.0,3.79,SKU_0044
2024-11-26,4.01,,4.0,4.01,SKU_0044
2024-11-27,4.41,,4.0,4.62,SKU_0044
2024-11-28,3.7,,4.0,3.54,SKU_0044
2024-11-29,4.14,,4.0,4.21,SKU_0044
2024-11-30,4.32,,4.0,4.49,SKU_0044
2024-12-01,4.5,,4.0,4.77,SKU_0044
2024-12-02,3.87,,4.0,3.8,SKU_0044
2024-12-03,4.01,,4.0,4.02,SKU_0044
2024-10-30,3.82,,4.07,3.69,SKU_0045
2024-10-31,3.77,,4.08,3.6,SKU_0045
2024-11-01,3.98,,4.08,3.93,SKU_0045
2024-11-02,3.69,,4.08,3.48,SKU_0045
2024-11-03,3.78,,4.08,3.62,SKU_0045
2024-11-04,3.55,,4.07,3.27,SKU_0045
2024-11-05,4.35,,4.07,4.5,SKU_0045
2024-11-06,3.8,,4.07,3.66,SKU_0045
2024-11-07,3.75,,4.07,3.58,SKU_0045
2024-11-08,3.96,,4.07,3.91,SKU_0045
2024-11-09,3.67,,4.07,3.46,SKU_0045
2024-11-10,3.76,,4.06,3.59,SKU_0045
2024-11-11,3.53,,4.06,3.25,SKU_0045
2024-11-12,4.33,,4.06,4.47,SKU_0045
2024-11-13,3.79,,4.06,3.64,SKU_0045
2024-11-14,3.73,,4.06,3.55,SKU_0045
2024-11-15,3.95,,4.06,3.88,SKU_0045
2024-11-16,3.65,,4.06,3.43,SKU_0045
2024-11-17,3.74,,4.06,3.57,SKU_0045
2024-11-18,3.52,,4.06,3.23,SKU_0045
2024-11-19,4.32,,4.06,4.45,SKU_0045
2024-11-20,3.77,,4.06,3.62,SKU_0045
2024-11-21,3.72,,4.06,3.53,SKU_0045
2024-11-22,3.93,,4.06,3.86,SKU_0045
2024-11-23,3.64,,4.06,3.41,SKU_0045
2024-11-24,3.73,,4.06,3.55,SKU_0045
2024-11-25,3.5,,4.06,3.2,SKU_0045
2024-11-26,4.3,,4.06,4.43,SKU_0045
2024-11-27,3.76,,4.06,3.59,SKU_0045
2024-11-28,3.7,,4.06,3.5,SKU_0045
2024-11-11,3.74,,3.74,3.74,SKU_0046
2024-11-12,3.74,,3.74,3.74,SKU_0046
2024-11-13,4.41,,3.74,4.77,SKU_0046
2024-11-14,3.73,,3.74,3.72,SKU_0046
2024-11-15,3.71,,3.74,3.69,SKU_0046
2024-11-16,3.67,,3.74,3.64,SKU_0046
2024-11-17,3.76,,3.74,3.77,SKU_0046
2024-11-18,3.75,,3.74,3.75,SKU_0046
2024-11-19,3.75,,3.74,3.75,SKU_0046
2024-11-20,4.41,,3.74,4.78,SKU_0046
2024-11-21,3.73,,3.74,3.72,SKU_0046
2024-11-22,3.71,,3.74,3.7,SKU_0046
2024-11-23,3.68,,3.74,3.64,SKU_0046
2024-11-24,3.77,,3.74,3.78,SKU_0046
2024-11-25,3.75,,3.74,3.75,SKU_0046
2024-11-26,3.75,,3.74,3.75,SKU_0046
2024-11-27,4.42,,3.74,4.78,SKU_0046
2024-11-28,3.73,,3.74,3.73,SKU_0046
2024-11-29,3.71,,3.74,3.7,SKU_0046
2024-11-30,3.68,,3.74,3.65,SKU_0046
2024-12-01,3.77,,3.74,3.78,SKU_0046
2024-12-02,3.75,,3.74,3.75,SKU_0046
2024-12-03,3.75,,3.74,3.76,SKU_0046
2024-12-04,4.42,,3.74,4.78,SKU_0046
2024-12-05,3.73,,3.74,3.73,SKU_0046
2024-12-06,3.72,,3.74,3.7,SKU_0046
2024-12-07,3.68,,3.74,3.65,SKU_0046
2024-12-08,3.77,,3.74,3.79,SKU_0046
2024-12-09,3.75,,3.74,3.76,SKU_0046
2024-12-10,3.75,,3.74,3.76,SKU_0046
2024-10-29,4.03,,4.1,4.0,SKU_0047
2024-10-30,4.26,,4.07,4.36,SKU_0047
2024-10-31,4.19,,4.03,4.27,SKU_0047
2024-11-01,4.05,,3.98,4.09,SKU_0047
2024-11-02,3.53,,3.94,3.31,SKU_0047
2024-11-03,4.09,,3.91,4.19,SKU_0047
2024-11-04,3.78,,3.88,3.72,SKU_0047
2024-11-05,3.96,,3.86,4.01,SKU_0047
2024-11-06,4.19,,3.85,4.37,SKU_0047
2024-11-07,4.13,,3.84,4.28,SKU_0047
2024-11-08,4.01,,3.84,4.1,SKU_0047
2024-11-09,3.5,,3.84,3.32,SKU_0047
2024-11-10,4.07,,3.83,4.2,SKU_0047
2024-11-11,3.77,,3.83,3.73,SKU_0047
2024-11-12,3.95,,3.83,4.02,SKU_0047
2024-11-13,4.19,,3.83,4.38,SKU_0047
2024-11-14,4.13,,3.84,4.29,SKU_0047
2024-11-15,4.01,,3.84,4.11,SKU_0047
2024-11-16,3.51,,3.84,3.33,SKU_0047
2024-11-17,4.08,,3.84,4.21,SKU_0047
2024-11-18,3.77,,3.84,3.74,SKU_0047
2024-11-19,3.96,,3.84,4.03,SKU_0047
2024-11-20,4.2,,3.84,4.39,SKU_0047
2024-11-21,4.14,,3.84,4.3,SKU_0047
2024-11-22,4.02,,3.84,4.12,SKU_0047
2024-11-23,3.51,,3.84,3.34,SKU_0047
2024-11-24,4.08,,3.84,4.21,SKU_0047
2024-11-25,3.78,,3.84,3.75,SKU_0047
2024-11-26,3.97,,3.84,4.03,SKU_0047
2024-11-27,4.2,,3.84,4.4,SKU_0047
2024-11-12,3.82,,3.67,3.9,SKU_0048
2024-11-13,3.73,,3.62,3.8,SKU_0048
2024-11-14,4.08,,3.61,4.34,SKU_0048
2024-11-15,3.77,,3.62,3.86,SKU_0048
2024-11-16,3.83,,3.64,3.94,SKU_0048
2024-11-17,3.82,,3.66,3.9,SKU_0048
2024-11-18,3.68,,3.68,3.68,SKU_0048
2024-11-19,3.84,,3.7,3.92,SKU_0048
2024-11-20,3.78,,3.72,3.81,SKU_0048
2024-11-21,4.14,,3.73,4.35,SKU_0048
2024-11-22,3.82,,3.74,3.87,SKU_0048
2024-11-23,3.88,,3.75,3.95,SKU_0048
2024-11-24,3.86,,3.75,3.92,SKU_0048
2024-11-25,3.72,,3.75,3.7,SKU_0048
2024-11-26,3.87,,3.75,3.93,SKU_0048
2024-11-27,3.8,,3.75,3.82,SKU_0048
2024-11-28,4.15,,3.76,4.37,SKU_0048
2024-11-29,3.84,,3.76,3.88,SKU_0048
2024-11-30,3.89,,3.76,3.97,SKU_0048
2024-12-01,3.87,,3.76,3.93,SKU_0048
2024-12-02,3.73,,3.76,3.71,SKU_0048
2024-12-03,3.88,,3.76,3.94,SKU_0048
2024-12-04,3.81,,3.76,3.84,SKU_0048
2024-12-05,4.16,,3.76,4.38,SKU_0048
2024-12-06,3.85,,3.76,3.9,SKU_0048
2024-12-07,3.9,,3.76,3.98,SKU_0048
2024-12-08,3.88,,3.76,3.94,SKU_0048
2024-12-09,3.74,,3.76,3.72,SKU_0048
2024-12-10,3.89,,3.76,3.96,SKU_0048
2024-12-11,3.82,,3.76,3.85,SKU_0048
2024-11-07,4.23,,3.89,4.41,SKU_0049
2024-11-08,3.8,,3.85,3.78,SKU_0049
2024-11-09,3.83,,3.78,3.86,SKU_0049
2024-11-10,4.06,,3.73,4.24,SKU_0049
2024-11-11,3.32,,3.69,3.12,SKU_0049
2024-11-12,3.83,,3.68,3.91,SKU_0049
2024-11-13,3.71,,3.67,3.73,SKU_0049
2024-11-14,4.16,,3.67,4.42,SKU_0049
2024-11-15,3.75,,3.67,3.79,SKU_0049
2024-11-16,3.8,,3.68,3.86,SKU_0049
2024-11-17,4.05,,3.68,4.25,SKU_0049
2024-11-18,3.32,,3.68,3.12,SKU_0049
2024-11-19,3.83,,3.68,3.92,SKU_0049
2024-11-20,3.72,,3.69,3.74,SKU_0049
2024-11-21,4.16,,3.69,4.42,SKU_0049
2024-11-22,3.75,,3.69,3.79,SKU_0049
2024-11-23,3.8,,3.69,3.87,SKU_0049
2024-11-24,4.05,,3.69,4.25,SKU_0049
2024-11-25,3.32,,3.69,3.12,SKU_0049
2024-11-26,3.84,,3.69,3.92,SKU_0049
2024-11-27,3.72,,3.69,3.74,SKU_0049
2024-11-28,4.17,,3.69,4.43,SKU_0049
2024-11-29,3.76,,3.69,3.79,SKU_0049
2024-11-30,3.81,,3.69,3.87,SKU_0049
2024-12-01,4.06,,3.69,4.26,SKU_0049
2024-12-02,3.32,,3.69,3.13,SKU_0049
2024-12-03,3.84,,3.69,3.92,SKU_0049
2024-12-04,3.73,,3.69,3.75,SKU_0049
2024-12-05,4.17,,3.69,4.43,SKU_0049
2024-12-06,3.76,,3.69,3.8,SKU_0049
2024-11-09,4.29,,4.28,4.3,SKU_0050
2024-11-10,4.56,,4.32,4.69,SKU_0050
2024-11-11,4.25,,4.31,4.22,SKU_0050
2024-11-12,4.15,,4.27,4.08,SKU_0050
2024-11-13,4.1,,4.23,4.03,SKU_0050
2024-11-14,4.3,,4.19,4.36,SKU_0050
2024-11-15,4.16,,4.15,4.17,SKU_0050
2024-11-16,4.25,,4.11,4.32,SKU_0050
2024-11-17,4.49,,4.08,4.71,SKU_0050
2024-11-18,4.18,,4.06,4.24,SKU_0050
2024-11-19,4.08,,4.04,4.1,SKU_0050
2024-11-20,4.04,,4.03,4.05,SKU_0050
2024-11-21,4.26,,4.01,4.39,SKU_0050
2024-11-22,4.13,,4.01,4.2,SKU_0050
2024-11-23,4.22,,4.0,4.34,SKU_0050
2024-11-24,4.47,,3.99,4.73,SKU_0050
2024-11-25,4.17,,3.99,4.26,SKU_0050
2024-11-26,4.08,,3.98,4.13,SKU_0050
2024-11-27,4.04,,3.98,4.07,SKU_0050
2024-11-28,4.26,,3.98,4.41,SKU_0050
2024-11-29,4.13,,3.98,4.22,SKU_0050
2024-11-30,4.23,,3.97,4.36,SKU_0050
2024-12-01,4.48,,3.97,4.75,SKU_0050
2024-12-02,4.17,,3.97,4.28,SKU_0050
2024-12-03,4.09,,3.97,4.15,SKU_0050
2024-12-04,4.05,,3.97,4.1,SKU_0050
2024-12-05,4.27,,3.97,4.43,SKU_0050
2024-12-06,4.15,,3.97,4.24,SKU_0050
2024-12-07,4.24,,3.97,4.39,SKU_0050
2024-12-08,4.49,,3.97,4.77,SKU_0050
