product_id,store_id,stock,reorder_point,lead_time_days,last_updated
SKU_0001,STORE_001,126,27,12,2024-12-31
SKU_0001,STORE_002,121,27,12,2024-12-31
SKU_0001,STORE_003,50,27,12,2024-12-31
SKU_0001,STORE_004,134,27,12,2024-12-31
SKU_0001,STORE_005,34,27,12,2024-12-31
SKU_0001,STORE_006,2,27,12,2024-12-31
SKU_0001,STORE_007,85,27,12,2024-12-31
SKU_0001,STORE_008,163,27,12,2024-12-31
SKU_0001,STORE_009,72,27,12,2024-12-31
SKU_0001,STORE_010,119,27,12,2024-12-31
SKU_0002,STORE_001,46,31,13,2024-12-31
SKU_0002,STORE_002,36,31,13,2024-12-31
SKU_0002,STORE_003,36,31,13,2024-12-31
SKU_0002,STORE_004,124,31,13,2024-12-31
SKU_0002,STORE_005,159,31,13,2024-12-31
SKU_0002,STORE_006,36,31,13,2024-12-31
SKU_0002,STORE_007,32,31,13,2024-12-31
SKU_0002,STORE_008,193,31,13,2024-12-31
SKU_0002,STORE_009,110,31,13,2024-12-31
SKU_0002,STORE_010,114,31,13,2024-12-31
SKU_0003,STORE_001,164,30,4,2024-12-31
SKU_0003,STORE_002,95,30,4,2024-12-31
SKU_0003,STORE_003,87,30,4,2024-12-31
SKU_0003,STORE_004,158,30,4,2024-12-31
SKU_0003,STORE_005,89,30,4,2024-12-31
SKU_0003,STORE_006,183,30,4,2024-12-31
SKU_0003,STORE_007,0,30,4,2024-12-31
SKU_0003,STORE_008,26,30,4,2024-12-31
SKU_0003,STORE_009,60,30,4,2024-12-31
SKU_0003,STORE_010,44,30,4,2024-12-31
SKU_0004,STORE_001,22,17,13,2024-12-31
SKU_0004,STORE_002,197,17,13,2024-12-31
SKU_0004,STORE_003,131,17,13,2024-12-31
SKU_0004,STORE_004,164,17,13,2024-12-31
SKU_0004,STORE_005,179,17,13,2024-12-31
SKU_0004,STORE_006,40,17,13,2024-12-31
SKU_0004,STORE_007,122,17,13,2024-12-31
SKU_0004,STORE_008,58,17,13,2024-12-31
SKU_0004,STORE_009,64,17,13,2024-12-31
SKU_0004,STORE_010,131,17,13,2024-12-31
SKU_0005,STORE_001,73,31,7,2024-12-31
SKU_0005,STORE_002,174,31,7,2024-12-31
SKU_0005,STORE_003,189,31,7,2024-12-31
SKU_0005,STORE_004,45,31,7,2024-12-31
SKU_0005,STORE_005,165,31,7,2024-12-31
SKU_0005,STORE_006,99,31,7,2024-12-31
SKU_0005,STORE_007,13,31,7,2024-12-31
SKU_0005,STORE_008,176,31,7,2024-12-31
SKU_0005,STORE_009,61,31,7,2024-12-31
SKU_0005,STORE_010,117,31,7,2024-12-31
SKU_0006,STORE_001,86,45,3,2024-12-31
SKU_0006,STORE_002,122,45,3,2024-12-31
SKU_0006,STORE_003,138,45,3,2024-12-31
SKU_0006,STORE_004,61,45,3,2024-12-31
SKU_0006,STORE_005,164,45,3,2024-12-31
SKU_0006,STORE_006,121,45,3,2024-12-31
SKU_0006,STORE_007,85,45,3,2024-12-31
SKU_0006,STORE_008,70,45,3,2024-12-31
SKU_0006,STORE_009,121,45,3,2024-12-31
SKU_0006,STORE_010,142,45,3,2024-12-31
SKU_0007,STORE_001,75,16,11,2024-12-31
SKU_0007,STORE_002,147,16,11,2024-12-31
SKU_0007,STORE_003,157,16,11,2024-12-31
SKU_0007,STORE_004,107,16,11,2024-12-31
SKU_0007,STORE_005,88,16,11,2024-12-31
SKU_0007,STORE_006,163,16,11,2024-12-31
SKU_0007,STORE_007,124,16,11,2024-12-31
SKU_0007,STORE_008,84,16,11,2024-12-31
SKU_0007,STORE_009,29,16,11,2024-12-31
SKU_0007,STORE_010,151,16,11,2024-12-31
SKU_0008,STORE_001,198,27,12,2024-12-31
SKU_0008,STORE_002,100,27,12,2024-12-31
SKU_0008,STORE_003,105,27,12,2024-12-31
SKU_0008,STORE_004,130,27,12,2024-12-31
SKU_0008,STORE_005,181,27,12,2024-12-31
SKU_0008,STORE_006,36,27,12,2024-12-31
SKU_0008,STORE_007,89,27,12,2024-12-31
SKU_0008,STORE_008,159,27,12,2024-12-31
SKU_0008,STORE_009,197,27,12,2024-12-31
SKU_0008,STORE_010,81,27,12,2024-12-31
SKU_0009,STORE_001,174,24,8,2024-12-31
SKU_0009,STORE_002,160,24,8,2024-12-31
SKU_0009,STORE_003,163,24,8,2024-12-31
SKU_0009,STORE_004,58,24,8,2024-12-31
SKU_0009,STORE_005,68,24,8,2024-12-31
SKU_0009,STORE_006,149,24,8,2024-12-31
SKU_0009,STORE_007,104,24,8,2024-12-31
SKU_0009,STORE_008,114,24,8,2024-12-31
SKU_0009,STORE_009,78,24,8,2024-12-31
SKU_0009,STORE_010,132,24,8,2024-12-31
SKU_0010,STORE_001,183,39,10,2024-12-31
SKU_0010,STORE_002,184,39,10,2024-12-31
SKU_0010,STORE_003,19,39,10,2024-12-31
SKU_0010,STORE_004,145,39,10,2024-12-31
SKU_0010,STORE_005,90,39,10,2024-12-31
SKU_0010,STORE_006,95,39,10,2024-12-31
SKU_0010,STORE_007,177,39,10,2024-12-31
SKU_0010,STORE_008,186,39,10,2024-12-31
SKU_0010,STORE_009,117,39,10,2024-12-31
SKU_0010,STORE_010,88,39,10,2024-12-31
SKU_0011,STORE_001,19,26,6,2024-12-31
SKU_0011,STORE_002,28,26,6,2024-12-31
SKU_0011,STORE_003,184,26,6,2024-12-31
SKU_0011,STORE_004,56,26,6,2024-12-31
SKU_0011,STORE_005,173,26,6,2024-12-31
SKU_0011,STORE_006,181,26,6,2024-12-31
SKU_0011,STORE_007,77,26,6,2024-12-31
SKU_0011,STORE_008,39,26,6,2024-12-31
SKU_0011,STORE_009,119,26,6,2024-12-31
SKU_0011,STORE_010,9,26,6,2024-12-31
SKU_0012,STORE_001,175,41,5,2024-12-31
SKU_0012,STORE_002,195,41,5,2024-12-31
SKU_0012,STORE_003,173,41,5,2024-12-31
SKU_0012,STORE_004,152,41,5,2024-12-31
SKU_0012,STORE_005,63,41,5,2024-12-31
SKU_0012,STORE_006,186,41,5,2024-12-31
SKU_0012,STORE_007,97,41,5,2024-12-31
SKU_0012,STORE_008,88,41,5,2024-12-31
SKU_0012,STORE_009,135,41,5,2024-12-31
SKU_0012,STORE_010,24,41,5,2024-12-31
SKU_0013,STORE_001,103,23,5,2024-12-31
SKU_0013,STORE_002,88,23,5,2024-12-31
SKU_0013,STORE_003,11,23,5,2024-12-31
SKU_0013,STORE_004,71,23,5,2024-12-31
SKU_0013,STORE_005,92,23,5,2024-12-31
SKU_0013,STORE_006,133,23,5,2024-12-31
SKU_0013,STORE_007,96,23,5,2024-12-31
SKU_0013,STORE_008,54,23,5,2024-12-31
SKU_0013,STORE_009,189,23,5,2024-12-31
SKU_0013,STORE_010,94,23,5,2024-12-31
SKU_0014,STORE_001,43,16,12,2024-12-31
SKU_0014,STORE_002,123,16,12,2024-12-31
SKU_0014,STORE_003,186,16,12,2024-12-31
SKU_0014,STORE_004,90,16,12,2024-12-31
SKU_0014,STORE_005,91,16,12,2024-12-31
SKU_0014,STORE_006,19,16,12,2024-12-31
SKU_0014,STORE_007,33,16,12,2024-12-31
SKU_0014,STORE_008,28,16,12,2024-12-31
SKU_0014,STORE_009,116,16,12,2024-12-31
SKU_0014,STORE_010,117,16,12,2024-12-31
SKU_0015,STORE_001,101,40,12,2024-12-31
SKU_0015,STORE_002,25,40,12,2024-12-31
SKU_0015,STORE_003,16,40,12,2024-12-31
SKU_0015,STORE_004,2,40,12,2024-12-31
SKU_0015,STORE_005,106,40,12,2024-12-31
SKU_0015,STORE_006,93,40,12,2024-12-31
SKU_0015,STORE_007,41,40,12,2024-12-31
SKU_0015,STORE_008,147,40,12,2024-12-31
SKU_0015,STORE_009,74,40,12,2024-12-31
SKU_0015,STORE_010,80,40,12,2024-12-31
SKU_0016,STORE_001,16,45,6,2024-12-31
SKU_0016,STORE_002,111,45,6,2024-12-31
SKU_0016,STORE_003,138,45,6,2024-12-31
SKU_0016,STORE_004,100,45,6,2024-12-31
SKU_0016,STORE_005,60,45,6,2024-12-31
SKU_0016,STORE_006,44,45,6,2024-12-31
SKU_0016,STORE_007,42,45,6,2024-12-31
SKU_0016,STORE_008,162,45,6,2024-12-31
SKU_0016,STORE_009,109,45,6,2024-12-31
SKU_0016,STORE_010,161,45,6,2024-12-31
SKU_0017,STORE_001,114,43,5,2024-12-31
SKU_0017,STORE_002,145,43,5,2024-12-31
SKU_0017,STORE_003,175,43,5,2024-12-31
SKU_0017,STORE_004,31,43,5,2024-12-31
SKU_0017,STORE_005,110,43,5,2024-12-31
SKU_0017,STORE_006,199,43,5,2024-12-31
SKU_0017,STORE_007,123,43,5,2024-12-31
SKU_0017,STORE_008,105,43,5,2024-12-31
SKU_0017,STORE_009,152,43,5,2024-12-31
SKU_0017,STORE_010,88,43,5,2024-12-31
SKU_0018,STORE_001,65,41,10,2024-12-31
SKU_0018,STORE_002,98,41,10,2024-12-31
SKU_0018,STORE_003,59,41,10,2024-12-31
SKU_0018,STORE_004,108,41,10,2024-12-31
SKU_0018,STORE_005,106,41,10,2024-12-31
SKU_0018,STORE_006,180,41,10,2024-12-31
SKU_0018,STORE_007,196,41,10,2024-12-31
SKU_0018,STORE_008,139,41,10,2024-12-31
SKU_0018,STORE_009,21,41,10,2024-12-31
SKU_0018,STORE_010,80,41,10,2024-12-31
SKU_0019,STORE_001,120,32,8,2024-12-31
SKU_0019,STORE_002,139,32,8,2024-12-31
SKU_0019,STORE_003,11,32,8,2024-12-31
SKU_0019,STORE_004,113,32,8,2024-12-31
SKU_0019,STORE_005,149,32,8,2024-12-31
SKU_0019,STORE_006,188,32,8,2024-12-31
SKU_0019,STORE_007,46,32,8,2024-12-31
SKU_0019,STORE_008,100,32,8,2024-12-31
SKU_0019,STORE_009,100,32,8,2024-12-31
SKU_0019,STORE_010,9,32,8,2024-12-31
SKU_0020,STORE_001,51,19,4,2024-12-31
SKU_0020,STORE_002,193,19,4,2024-12-31
SKU_0020,STORE_003,118,19,4,2024-12-31
SKU_0020,STORE_004,43,19,4,2024-12-31
SKU_0020,STORE_005,179,19,4,2024-12-31
SKU_0020,STORE_006,158,19,4,2024-12-31
SKU_0020,STORE_007,36,19,4,2024-12-31
SKU_0020,STORE_008,85,19,4,2024-12-31
SKU_0020,STORE_009,49,19,4,2024-12-31
SKU_0020,STORE_010,112,19,4,2024-12-31
SKU_0021,STORE_001,67,44,9,2024-12-31
SKU_0021,STORE_002,9,44,9,2024-12-31
SKU_0021,STORE_003,134,44,9,2024-12-31
SKU_0021,STORE_004,170,44,9,2024-12-31
SKU_0021,STORE_005,108,44,9,2024-12-31
SKU_0021,STORE_006,93,44,9,2024-12-31
SKU_0021,STORE_007,171,44,9,2024-12-31
SKU_0021,STORE_008,161,44,9,2024-12-31
SKU_0021,STORE_009,160,44,9,2024-12-31
SKU_0021,STORE_010,66,44,9,2024-12-31
SKU_0022,STORE_001,13,32,9,2024-12-31
SKU_0022,STORE_002,197,32,9,2024-12-31
SKU_0022,STORE_003,145,32,9,2024-12-31
SKU_0022,STORE_004,171,32,9,2024-12-31
SKU_0022,STORE_005,79,32,9,2024-12-31
SKU_0022,STORE_006,142,32,9,2024-12-31
SKU_0022,STORE_007,85,32,9,2024-12-31
SKU_0022,STORE_008,89,32,9,2024-12-31
SKU_0022,STORE_009,65,32,9,2024-12-31
SKU_0022,STORE_010,55,32,9,2024-12-31
SKU_0023,STORE_001,60,34,3,2024-12-31
SKU_0023,STORE_002,19,34,3,2024-12-31
SKU_0023,STORE_003,171,34,3,2024-12-31
SKU_0023,STORE_004,39,34,3,2024-12-31
SKU_0023,STORE_005,86,34,3,2024-12-31
SKU_0023,STORE_006,3,34,3,2024-12-31
SKU_0023,STORE_007,194,34,3,2024-12-31
SKU_0023,STORE_008,36,34,3,2024-12-31
SKU_0023,STORE_009,132,34,3,2024-12-31
SKU_0023,STORE_010,122,34,3,2024-12-31
SKU_0024,STORE_001,97,21,7,2024-12-31
SKU_0024,STORE_002,102,21,7,2024-12-31
SKU_0024,STORE_003,22,21,7,2024-12-31
SKU_0024,STORE_004,111,21,7,2024-12-31
SKU_0024,STORE_005,76,21,7,2024-12-31
SKU_0024,STORE_006,9,21,7,2024-12-31
SKU_0024,STORE_007,39,21,7,2024-12-31
SKU_0024,STORE_008,16,21,7,2024-12-31
SKU_0024,STORE_009,57,21,7,2024-12-31
SKU_0024,STORE_010,107,21,7,2024-12-31
SKU_0025,STORE_001,124,42,3,2024-12-31
SKU_0025,STORE_002,146,42,3,2024-12-31
SKU_0025,STORE_003,73,42,3,2024-12-31
SKU_0025,STORE_004,164,42,3,2024-12-31
SKU_0025,STORE_005,104,42,3,2024-12-31
SKU_0025,STORE_006,106,42,3,2024-12-31
SKU_0025,STORE_007,157,42,3,2024-12-31
SKU_0025,STORE_008,190,42,3,2024-12-31
SKU_0025,STORE_009,198,42,3,2024-12-31
SKU_0025,STORE_010,121,42,3,2024-12-31
SKU_0026,STORE_001,91,27,10,2024-12-31
SKU_0026,STORE_002,36,27,10,2024-12-31
SKU_0026,STORE_003,152,27,10,2024-12-31
SKU_0026,STORE_004,9,27,10,2024-12-31
SKU_0026,STORE_005,86,27,10,2024-12-31
SKU_0026,STORE_006,24,27,10,2024-12-31
SKU_0026,STORE_007,173,27,10,2024-12-31
SKU_0026,STORE_008,36,27,10,2024-12-31
SKU_0026,STORE_009,85,27,10,2024-12-31
SKU_0026,STORE_010,104,27,10,2024-12-31
SKU_0027,STORE_001,55,49,10,2024-12-31
SKU_0027,STORE_002,147,49,10,2024-12-31
SKU_0027,STORE_003,98,49,10,2024-12-31
SKU_0027,STORE_004,149,49,10,2024-12-31
SKU_0027,STORE_005,26,49,10,2024-12-31
SKU_0027,STORE_006,26,49,10,2024-12-31
SKU_0027,STORE_007,151,49,10,2024-12-31
SKU_0027,STORE_008,75,49,10,2024-12-31
SKU_0027,STORE_009,29,49,10,2024-12-31
SKU_0027,STORE_010,126,49,10,2024-12-31
SKU_0028,STORE_001,84,22,4,2024-12-31
SKU_0028,STORE_002,143,22,4,2024-12-31
SKU_0028,STORE_003,120,22,4,2024-12-31
SKU_0028,STORE_004,116,22,4,2024-12-31
SKU_0028,STORE_005,45,22,4,2024-12-31
SKU_0028,STORE_006,24,22,4,2024-12-31
SKU_0028,STORE_007,115,22,4,2024-12-31
SKU_0028,STORE_008,6,22,4,2024-12-31
SKU_0028,STORE_009,76,22,4,2024-12-31
SKU_0028,STORE_010,64,22,4,2024-12-31
SKU_0029,STORE_001,198,40,10,2024-12-31
SKU_0029,STORE_002,59,40,10,2024-12-31
SKU_0029,STORE_003,56,40,10,2024-12-31
SKU_0029,STORE_004,27,40,10,2024-12-31
SKU_0029,STORE_005,70,40,10,2024-12-31
SKU_0029,STORE_006,167,40,10,2024-12-31
SKU_0029,STORE_007,155,40,10,2024-12-31
SKU_0029,STORE_008,21,40,10,2024-12-31
SKU_0029,STORE_009,198,40,10,2024-12-31
SKU_0029,STORE_010,29,40,10,2024-12-31
SKU_0030,STORE_001,184,46,8,2024-12-31
SKU_0030,STORE_002,102,46,8,2024-12-31
SKU_0030,STORE_003,145,46,8,2024-12-31
SKU_0030,STORE_004,38,46,8,2024-12-31
SKU_0030,STORE_005,116,46,8,2024-12-31
SKU_0030,STORE_006,189,46,8,2024-12-31
SKU_0030,STORE_007,90,46,8,2024-12-31
SKU_0030,STORE_008,175,46,8,2024-12-31
SKU_0030,STORE_009,108,46,8,2024-12-31
SKU_0030,STORE_010,0,46,8,2024-12-31
SKU_0031,STORE_001,137,29,7,2024-12-31
SKU_0031,STORE_002,52,29,7,2024-12-31
SKU_0031,STORE_003,59,29,7,2024-12-31
SKU_0031,STORE_004,152,29,7,2024-12-31
SKU_0031,STORE_005,75,29,7,2024-12-31
SKU_0031,STORE_006,35,29,7,2024-12-31
SKU_0031,STORE_007,41,29,7,2024-12-31
SKU_0031,STORE_008,170,29,7,2024-12-31
SKU_0031,STORE_009,189,29,7,2024-12-31
SKU_0031,STORE_010,131,29,7,2024-12-31
SKU_0032,STORE_001,138,37,9,2024-12-31
SKU_0032,STORE_002,126,37,9,2024-12-31
SKU_0032,STORE_003,47,37,9,2024-12-31
SKU_0032,STORE_004,84,37,9,2024-12-31
SKU_0032,STORE_005,103,37,9,2024-12-31
SKU_0032,STORE_006,199,37,9,2024-12-31
SKU_0032,STORE_007,24,37,9,2024-12-31
SKU_0032,STORE_008,80,37,9,2024-12-31
SKU_0032,STORE_009,75,37,9,2024-12-31
SKU_0032,STORE_010,132,37,9,2024-12-31
SKU_0033,STORE_001,108,23,4,2024-12-31
SKU_0033,STORE_002,190,23,4,2024-12-31
SKU_0033,STORE_003,199,23,4,2024-12-31
SKU_0033,STORE_004,14,23,4,2024-12-31
SKU_0033,STORE_005,107,23,4,2024-12-31
SKU_0033,STORE_006,152,23,4,2024-12-31
SKU_0033,STORE_007,126,23,4,2024-12-31
SKU_0033,STORE_008,42,23,4,2024-12-31
SKU_0033,STORE_009,115,23,4,2024-12-31
SKU_0033,STORE_010,185,23,4,2024-12-31
SKU_0034,STORE_001,140,29,10,2024-12-31
SKU_0034,STORE_002,62,29,10,2024-12-31
SKU_0034,STORE_003,122,29,10,2024-12-31
SKU_0034,STORE_004,143,29,10,2024-12-31
SKU_0034,STORE_005,79,29,10,2024-12-31
SKU_0034,STORE_006,171,29,10,2024-12-31
SKU_0034,STORE_007,66,29,10,2024-12-31
SKU_0034,STORE_008,99,29,10,2024-12-31
SKU_0034,STORE_009,154,29,10,2024-12-31
SKU_0034,STORE_010,79,29,10,2024-12-31
SKU_0035,STORE_001,138,20,11,2024-12-31
SKU_0035,STORE_002,42,20,11,2024-12-31
SKU_0035,STORE_003,133,20,11,2024-12-31
SKU_0035,STORE_004,154,20,11,2024-12-31
SKU_0035,STORE_005,68,20,11,2024-12-31
SKU_0035,STORE_006,141,20,11,2024-12-31
SKU_0035,STORE_007,21,20,11,2024-12-31
SKU_0035,STORE_008,24,20,11,2024-12-31
SKU_0035,STORE_009,118,20,11,2024-12-31
SKU_0035,STORE_010,174,20,11,2024-12-31
SKU_0036,STORE_001,69,39,5,2024-12-31
SKU_0036,STORE_002,169,39,5,2024-12-31
SKU_0036,STORE_003,5,39,5,2024-12-31
SKU_0036,STORE_004,158,39,5,2024-12-31
SKU_0036,STORE_005,94,39,5,2024-12-31
SKU_0036,STORE_006,157,39,5,2024-12-31
SKU_0036,STORE_007,94,39,5,2024-12-31
SKU_0036,STORE_008,98,39,5,2024-12-31
SKU_0036,STORE_009,94,39,5,2024-12-31
SKU_0036,STORE_010,134,39,5,2024-12-31
SKU_0037,STORE_001,135,15,8,2024-12-31
SKU_0037,STORE_002,184,15,8,2024-12-31
SKU_0037,STORE_003,88,15,8,2024-12-31
SKU_0037,STORE_004,163,15,8,2024-12-31
SKU_0037,STORE_005,33,15,8,2024-12-31
SKU_0037,STORE_006,166,15,8,2024-12-31
SKU_0037,STORE_007,54,15,8,2024-12-31
SKU_0037,STORE_008,15,15,8,2024-12-31
SKU_0037,STORE_009,149,15,8,2024-12-31
SKU_0037,STORE_010,50,15,8,2024-12-31
SKU_0038,STORE_001,191,42,9,2024-12-31
SKU_0038,STORE_002,105,42,9,2024-12-31
SKU_0038,STORE_003,52,42,9,2024-12-31
SKU_0038,STORE_004,58,42,9,2024-12-31
SKU_0038,STORE_005,91,42,9,2024-12-31
SKU_0038,STORE_006,38,42,9,2024-12-31
SKU_0038,STORE_007,124,42,9,2024-12-31
SKU_0038,STORE_008,156,42,9,2024-12-31
SKU_0038,STORE_009,17,42,9,2024-12-31
SKU_0038,STORE_010,72,42,9,2024-12-31
SKU_0039,STORE_001,191,10,11,2024-12-31
SKU_0039,STORE_002,158,10,11,2024-12-31
SKU_0039,STORE_003,29,10,11,2024-12-31
SKU_0039,STORE_004,151,10,11,2024-12-31
SKU_0039,STORE_005,161,10,11,2024-12-31
SKU_0039,STORE_006,103,10,11,2024-12-31
SKU_0039,STORE_007,170,10,11,2024-12-31
SKU_0039,STORE_008,75,10,11,2024-12-31
SKU_0039,STORE_009,34,10,11,2024-12-31
SKU_0039,STORE_010,119,10,11,2024-12-31
SKU_0040,STORE_001,7,22,9,2024-12-31
SKU_0040,STORE_002,74,22,9,2024-12-31
SKU_0040,STORE_003,76,22,9,2024-12-31
SKU_0040,STORE_004,45,22,9,2024-12-31
SKU_0040,STORE_005,194,22,9,2024-12-31
SKU_0040,STORE_006,121,22,9,2024-12-31
SKU_0040,STORE_007,60,22,9,2024-12-31
SKU_0040,STORE_008,124,22,9,2024-12-31
SKU_0040,STORE_009,14,22,9,2024-12-31
SKU_0040,STORE_010,104,22,9,2024-12-31
SKU_0041,STORE_001,147,35,3,2024-12-31
SKU_0041,STORE_002,44,35,3,2024-12-31
SKU_0041,STORE_003,188,35,3,2024-12-31
SKU_0041,STORE_004,87,35,3,2024-12-31
SKU_0041,STORE_005,112,35,3,2024-12-31
SKU_0041,STORE_006,79,35,3,2024-12-31
SKU_0041,STORE_007,16,35,3,2024-12-31
SKU_0041,STORE_008,7,35,3,2024-12-31
SKU_0041,STORE_009,29,35,3,2024-12-31
SKU_0041,STORE_010,59,35,3,2024-12-31
SKU_0042,STORE_001,24,17,8,2024-12-31
SKU_0042,STORE_002,45,17,8,2024-12-31
SKU_0042,STORE_003,137,17,8,2024-12-31
SKU_0042,STORE_004,147,17,8,2024-12-31
SKU_0042,STORE_005,20,17,8,2024-12-31
SKU_0042,STORE_006,89,17,8,2024-12-31
SKU_0042,STORE_007,73,17,8,2024-12-31
SKU_0042,STORE_008,4,17,8,2024-12-31
SKU_0042,STORE_009,174,17,8,2024-12-31
SKU_0042,STORE_010,29,17,8,2024-12-31
SKU_0043,STORE_001,25,37,4,2024-12-31
SKU_0043,STORE_002,28,37,4,2024-12-31
SKU_0043,STORE_003,64,37,4,2024-12-31
SKU_0043,STORE_004,164,37,4,2024-12-31
SKU_0043,STORE_005,189,37,4,2024-12-31
SKU_0043,STORE_006,199,37,4,2024-12-31
SKU_0043,STORE_007,99,37,4,2024-12-31
SKU_0043,STORE_008,184,37,4,2024-12-31
SKU_0043,STORE_009,95,37,4,2024-12-31
SKU_0043,STORE_010,166,37,4,2024-12-31
SKU_0044,STORE_001,20,21,13,2024-12-31
SKU_0044,STORE_002,5,21,13,2024-12-31
SKU_0044,STORE_003,48,21,13,2024-12-31
SKU_0044,STORE_004,44,21,13,2024-12-31
SKU_0044,STORE_005,113,21,13,2024-12-31
SKU_0044,STORE_006,16,21,13,2024-12-31
SKU_0044,STORE_007,191,21,13,2024-12-31
SKU_0044,STORE_008,173,21,13,2024-12-31
SKU_0044,STORE_009,165,21,13,2024-12-31
SKU_0044,STORE_010,116,21,13,2024-12-31
SKU_0045,STORE_001,178,34,9,2024-12-31
SKU_0045,STORE_002,39,34,9,2024-12-31
SKU_0045,STORE_003,65,34,9,2024-12-31
SKU_0045,STORE_004,108,34,9,2024-12-31
SKU_0045,STORE_005,192,34,9,2024-12-31
SKU_0045,STORE_006,174,34,9,2024-12-31
SKU_0045,STORE_007,133,34,9,2024-12-31
SKU_0045,STORE_008,164,34,9,2024-12-31
SKU_0045,STORE_009,28,34,9,2024-12-31
SKU_0045,STORE_010,119,34,9,2024-12-31
SKU_0046,STORE_001,147,26,8,2024-12-31
SKU_0046,STORE_002,38,26,8,2024-12-31
SKU_0046,STORE_003,123,26,8,2024-12-31
SKU_0046,STORE_004,132,26,8,2024-12-31
SKU_0046,STORE_005,179,26,8,2024-12-31
SKU_0046,STORE_006,184,26,8,2024-12-31
SKU_0046,STORE_007,174,26,8,2024-12-31
SKU_0046,STORE_008,180,26,8,2024-12-31
SKU_0046,STORE_009,10,26,8,2024-12-31
SKU_0046,STORE_010,178,26,8,2024-12-31
SKU_0047,STORE_001,190,21,8,2024-12-31
SKU_0047,STORE_002,102,21,8,2024-12-31
SKU_0047,STORE_003,25,21,8,2024-12-31
SKU_0047,STORE_004,7,21,8,2024-12-31
SKU_0047,STORE_005,171,21,8,2024-12-31
SKU_0047,STORE_006,191,21,8,2024-12-31
SKU_0047,STORE_007,144,21,8,2024-12-31
SKU_0047,STORE_008,111,21,8,2024-12-31
SKU_0047,STORE_009,34,21,8,2024-12-31
SKU_0047,STORE_010,113,21,8,2024-12-31
SKU_0048,STORE_001,103,16,9,2024-12-31
SKU_0048,STORE_002,149,16,9,2024-12-31
SKU_0048,STORE_003,20,16,9,2024-12-31
SKU_0048,STORE_004,179,16,9,2024-12-31
SKU_0048,STORE_005,6,16,9,2024-12-31
SKU_0048,STORE_006,106,16,9,2024-12-31
SKU_0048,STORE_007,11,16,9,2024-12-31
SKU_0048,STORE_008,154,16,9,2024-12-31
SKU_0048,STORE_009,3,16,9,2024-12-31
SKU_0048,STORE_010,59,16,9,2024-12-31
SKU_0049,STORE_001,75,48,6,2024-12-31
SKU_0049,STORE_002,81,48,6,2024-12-31
SKU_0049,STORE_003,150,48,6,2024-12-31
SKU_0049,STORE_004,21,48,6,2024-12-31
SKU_0049,STORE_005,57,48,6,2024-12-31
SKU_0049,STORE_006,33,48,6,2024-12-31
SKU_0049,STORE_007,151,48,6,2024-12-31
SKU_0049,STORE_008,96,48,6,2024-12-31
SKU_0049,STORE_009,55,48,6,2024-12-31
SKU_0049,STORE_010,143,48,6,2024-12-31
SKU_0050,STORE_001,29,21,3,2024-12-31
SKU_0050,STORE_002,55,21,3,2024-12-31
SKU_0050,STORE_003,67,21,3,2024-12-31
SKU_0050,STORE_004,76,21,3,2024-12-31
SKU_0050,STORE_005,168,21,3,2024-12-31
SKU_0050,STORE_006,89,21,3,2024-12-31
SKU_0050,STORE_007,197,21,3,2024-12-31
SKU_0050,STORE_008,46,21,3,2024-12-31
SKU_0050,STORE_009,29,21,3,2024-12-31
SKU_0050,STORE_010,196,21,3,2024-12-31
SKU_0051,STORE_001,37,31,4,2024-12-31
SKU_0051,STORE_002,197,31,4,2024-12-31
SKU_0051,STORE_003,152,31,4,2024-12-31
SKU_0051,STORE_004,157,31,4,2024-12-31
SKU_0051,STORE_005,85,31,4,2024-12-31
SKU_0051,STORE_006,54,31,4,2024-12-31
SKU_0051,STORE_007,86,31,4,2024-12-31
SKU_0051,STORE_008,132,31,4,2024-12-31
SKU_0051,STORE_009,87,31,4,2024-12-31
SKU_0051,STORE_010,188,31,4,2024-12-31
SKU_0052,STORE_001,28,36,10,2024-12-31
SKU_0052,STORE_002,80,36,10,2024-12-31
SKU_0052,STORE_003,151,36,10,2024-12-31
SKU_0052,STORE_004,64,36,10,2024-12-31
SKU_0052,STORE_005,156,36,10,2024-12-31
SKU_0052,STORE_006,186,36,10,2024-12-31
SKU_0052,STORE_007,0,36,10,2024-12-31
SKU_0052,STORE_008,139,36,10,2024-12-31
SKU_0052,STORE_009,139,36,10,2024-12-31
SKU_0052,STORE_010,26,36,10,2024-12-31
SKU_0053,STORE_001,170,39,10,2024-12-31
SKU_0053,STORE_002,51,39,10,2024-12-31
SKU_0053,STORE_003,180,39,10,2024-12-31
SKU_0053,STORE_004,37,39,10,2024-12-31
SKU_0053,STORE_005,92,39,10,2024-12-31
SKU_0053,STORE_006,130,39,10,2024-12-31
SKU_0053,STORE_007,154,39,10,2024-12-31
SKU_0053,STORE_008,173,39,10,2024-12-31
SKU_0053,STORE_009,98,39,10,2024-12-31
SKU_0053,STORE_010,183,39,10,2024-12-31
SKU_0054,STORE_001,30,34,13,2024-12-31
SKU_0054,STORE_002,28,34,13,2024-12-31
SKU_0054,STORE_003,104,34,13,2024-12-31
SKU_0054,STORE_004,173,34,13,2024-12-31
SKU_0054,STORE_005,89,34,13,2024-12-31
SKU_0054,STORE_006,169,34,13,2024-12-31
SKU_0054,STORE_007,160,34,13,2024-12-31
SKU_0054,STORE_008,159,34,13,2024-12-31
SKU_0054,STORE_009,170,34,13,2024-12-31
SKU_0054,STORE_010,127,34,13,2024-12-31
SKU_0055,STORE_001,176,15,9,2024-12-31
SKU_0055,STORE_002,168,15,9,2024-12-31
SKU_0055,STORE_003,168,15,9,2024-12-31
SKU_0055,STORE_004,67,15,9,2024-12-31
SKU_0055,STORE_005,7,15,9,2024-12-31
SKU_0055,STORE_006,37,15,9,2024-12-31
SKU_0055,STORE_007,25,15,9,2024-12-31
SKU_0055,STORE_008,116,15,9,2024-12-31
SKU_0055,STORE_009,116,15,9,2024-12-31
SKU_0055,STORE_010,177,15,9,2024-12-31
SKU_0056,STORE_001,130,28,11,2024-12-31
SKU_0056,STORE_002,1,28,11,2024-12-31
SKU_0056,STORE_003,148,28,11,2024-12-31
SKU_0056,STORE_004,66,28,11,2024-12-31
SKU_0056,STORE_005,179,28,11,2024-12-31
SKU_0056,STORE_006,112,28,11,2024-12-31
SKU_0056,STORE_007,162,28,11,2024-12-31
SKU_0056,STORE_008,146,28,11,2024-12-31
SKU_0056,STORE_009,33,28,11,2024-12-31
SKU_0056,STORE_010,61,28,11,2024-12-31
SKU_0057,STORE_001,48,35,6,2024-12-31
SKU_0057,STORE_002,173,35,6,2024-12-31
SKU_0057,STORE_003,53,35,6,2024-12-31
SKU_0057,STORE_004,144,35,6,2024-12-31
SKU_0057,STORE_005,151,35,6,2024-12-31
SKU_0057,STORE_006,126,35,6,2024-12-31
SKU_0057,STORE_007,95,35,6,2024-12-31
SKU_0057,STORE_008,167,35,6,2024-12-31
SKU_0057,STORE_009,131,35,6,2024-12-31
SKU_0057,STORE_010,64,35,6,2024-12-31
SKU_0058,STORE_001,7,49,13,2024-12-31
SKU_0058,STORE_002,125,49,13,2024-12-31
SKU_0058,STORE_003,85,49,13,2024-12-31
SKU_0058,STORE_004,18,49,13,2024-12-31
SKU_0058,STORE_005,140,49,13,2024-12-31
SKU_0058,STORE_006,20,49,13,2024-12-31
SKU_0058,STORE_007,150,49,13,2024-12-31
SKU_0058,STORE_008,189,49,13,2024-12-31
SKU_0058,STORE_009,80,49,13,2024-12-31
SKU_0058,STORE_010,110,49,13,2024-12-31
SKU_0059,STORE_001,95,21,7,2024-12-31
SKU_0059,STORE_002,141,21,7,2024-12-31
SKU_0059,STORE_003,70,21,7,2024-12-31
SKU_0059,STORE_004,7,21,7,2024-12-31
SKU_0059,STORE_005,35,21,7,2024-12-31
SKU_0059,STORE_006,127,21,7,2024-12-31
SKU_0059,STORE_007,124,21,7,2024-12-31
SKU_0059,STORE_008,113,21,7,2024-12-31
SKU_0059,STORE_009,186,21,7,2024-12-31
SKU_0059,STORE_010,142,21,7,2024-12-31
SKU_0060,STORE_001,54,13,11,2024-12-31
SKU_0060,STORE_002,35,13,11,2024-12-31
SKU_0060,STORE_003,5,13,11,2024-12-31
SKU_0060,STORE_004,79,13,11,2024-12-31
SKU_0060,STORE_005,140,13,11,2024-12-31
SKU_0060,STORE_006,59,13,11,2024-12-31
SKU_0060,STORE_007,139,13,11,2024-12-31
SKU_0060,STORE_008,25,13,11,2024-12-31
SKU_0060,STORE_009,21,13,11,2024-12-31
SKU_0060,STORE_010,119,13,11,2024-12-31
SKU_0061,STORE_001,52,14,8,2024-12-31
SKU_0061,STORE_002,93,14,8,2024-12-31
SKU_0061,STORE_003,60,14,8,2024-12-31
SKU_0061,STORE_004,117,14,8,2024-12-31
SKU_0061,STORE_005,171,14,8,2024-12-31
SKU_0061,STORE_006,127,14,8,2024-12-31
SKU_0061,STORE_007,27,14,8,2024-12-31
SKU_0061,STORE_008,31,14,8,2024-12-31
SKU_0061,STORE_009,190,14,8,2024-12-31
SKU_0061,STORE_010,14,14,8,2024-12-31
SKU_0062,STORE_001,11,23,10,2024-12-31
SKU_0062,STORE_002,69,23,10,2024-12-31
SKU_0062,STORE_003,73,23,10,2024-12-31
SKU_0062,STORE_004,2,23,10,2024-12-31
SKU_0062,STORE_005,106,23,10,2024-12-31
SKU_0062,STORE_006,116,23,10,2024-12-31
SKU_0062,STORE_007,125,23,10,2024-12-31
SKU_0062,STORE_008,148,23,10,2024-12-31
SKU_0062,STORE_009,31,23,10,2024-12-31
SKU_0062,STORE_010,110,23,10,2024-12-31
SKU_0063,STORE_001,35,39,11,2024-12-31
SKU_0063,STORE_002,84,39,11,2024-12-31
SKU_0063,STORE_003,42,39,11,2024-12-31
SKU_0063,STORE_004,15,39,11,2024-12-31
SKU_0063,STORE_005,135,39,11,2024-12-31
SKU_0063,STORE_006,129,39,11,2024-12-31
SKU_0063,STORE_007,74,39,11,2024-12-31
SKU_0063,STORE_008,118,39,11,2024-12-31
SKU_0063,STORE_009,116,39,11,2024-12-31
SKU_0063,STORE_010,28,39,11,2024-12-31
SKU_0064,STORE_001,62,47,5,2024-12-31
SKU_0064,STORE_002,123,47,5,2024-12-31
SKU_0064,STORE_003,80,47,5,2024-12-31
SKU_0064,STORE_004,138,47,5,2024-12-31
SKU_0064,STORE_005,38,47,5,2024-12-31
SKU_0064,STORE_006,70,47,5,2024-12-31
SKU_0064,STORE_007,136,47,5,2024-12-31
SKU_0064,STORE_008,95,47,5,2024-12-31
SKU_0064,STORE_009,44,47,5,2024-12-31
SKU_0064,STORE_010,199,47,5,2024-12-31
SKU_0065,STORE_001,60,45,4,2024-12-31
SKU_0065,STORE_002,184,45,4,2024-12-31
SKU_0065,STORE_003,20,45,4,2024-12-31
SKU_0065,STORE_004,40,45,4,2024-12-31
SKU_0065,STORE_005,131,45,4,2024-12-31
SKU_0065,STORE_006,38,45,4,2024-12-31
SKU_0065,STORE_007,174,45,4,2024-12-31
SKU_0065,STORE_008,11,45,4,2024-12-31
SKU_0065,STORE_009,11,45,4,2024-12-31
SKU_0065,STORE_010,50,45,4,2024-12-31
SKU_0066,STORE_001,85,38,12,2024-12-31
SKU_0066,STORE_002,160,38,12,2024-12-31
SKU_0066,STORE_003,67,38,12,2024-12-31
SKU_0066,STORE_004,193,38,12,2024-12-31
SKU_0066,STORE_005,121,38,12,2024-12-31
SKU_0066,STORE_006,119,38,12,2024-12-31
SKU_0066,STORE_007,133,38,12,2024-12-31
SKU_0066,STORE_008,170,38,12,2024-12-31
SKU_0066,STORE_009,94,38,12,2024-12-31
SKU_0066,STORE_010,149,38,12,2024-12-31
SKU_0067,STORE_001,68,49,11,2024-12-31
SKU_0067,STORE_002,20,49,11,2024-12-31
SKU_0067,STORE_003,99,49,11,2024-12-31
SKU_0067,STORE_004,178,49,11,2024-12-31
SKU_0067,STORE_005,8,49,11,2024-12-31
SKU_0067,STORE_006,25,49,11,2024-12-31
SKU_0067,STORE_007,192,49,11,2024-12-31
SKU_0067,STORE_008,164,49,11,2024-12-31
SKU_0067,STORE_009,49,49,11,2024-12-31
SKU_0067,STORE_010,79,49,11,2024-12-31
SKU_0068,STORE_001,191,27,4,2024-12-31
SKU_0068,STORE_002,75,27,4,2024-12-31
SKU_0068,STORE_003,20,27,4,2024-12-31
SKU_0068,STORE_004,137,27,4,2024-12-31
SKU_0068,STORE_005,148,27,4,2024-12-31
SKU_0068,STORE_006,23,27,4,2024-12-31
SKU_0068,STORE_007,85,27,4,2024-12-31
SKU_0068,STORE_008,5,27,4,2024-12-31
SKU_0068,STORE_009,85,27,4,2024-12-31
SKU_0068,STORE_010,118,27,4,2024-12-31
SKU_0069,STORE_001,189,21,4,2024-12-31
SKU_0069,STORE_002,81,21,4,2024-12-31
SKU_0069,STORE_003,101,21,4,2024-12-31
SKU_0069,STORE_004,19,21,4,2024-12-31
SKU_0069,STORE_005,67,21,4,2024-12-31
SKU_0069,STORE_006,102,21,4,2024-12-31
SKU_0069,STORE_007,50,21,4,2024-12-31
SKU_0069,STORE_008,48,21,4,2024-12-31
SKU_0069,STORE_009,153,21,4,2024-12-31
SKU_0069,STORE_010,164,21,4,2024-12-31
SKU_0070,STORE_001,156,21,8,2024-12-31
SKU_0070,STORE_002,133,21,8,2024-12-31
SKU_0070,STORE_003,119,21,8,2024-12-31
SKU_0070,STORE_004,2,21,8,2024-12-31
SKU_0070,STORE_005,67,21,8,2024-12-31
SKU_0070,STORE_006,194,21,8,2024-12-31
SKU_0070,STORE_007,124,21,8,2024-12-31
SKU_0070,STORE_008,108,21,8,2024-12-31
SKU_0070,STORE_009,95,21,8,2024-12-31
SKU_0070,STORE_010,178,21,8,2024-12-31
SKU_0071,STORE_001,142,26,5,2024-12-31
SKU_0071,STORE_002,91,26,5,2024-12-31
SKU_0071,STORE_003,144,26,5,2024-12-31
SKU_0071,STORE_004,154,26,5,2024-12-31
SKU_0071,STORE_005,126,26,5,2024-12-31
SKU_0071,STORE_006,167,26,5,2024-12-31
SKU_0071,STORE_007,63,26,5,2024-12-31
SKU_0071,STORE_008,116,26,5,2024-12-31
SKU_0071,STORE_009,46,26,5,2024-12-31
SKU_0071,STORE_010,68,26,5,2024-12-31
SKU_0072,STORE_001,90,13,11,2024-12-31
SKU_0072,STORE_002,150,13,11,2024-12-31
SKU_0072,STORE_003,103,13,11,2024-12-31
SKU_0072,STORE_004,33,13,11,2024-12-31
SKU_0072,STORE_005,37,13,11,2024-12-31
SKU_0072,STORE_006,90,13,11,2024-12-31
SKU_0072,STORE_007,24,13,11,2024-12-31
SKU_0072,STORE_008,19,13,11,2024-12-31
SKU_0072,STORE_009,152,13,11,2024-12-31
SKU_0072,STORE_010,115,13,11,2024-12-31
SKU_0073,STORE_001,182,32,13,2024-12-31
SKU_0073,STORE_002,110,32,13,2024-12-31
SKU_0073,STORE_003,87,32,13,2024-12-31
SKU_0073,STORE_004,175,32,13,2024-12-31
SKU_0073,STORE_005,177,32,13,2024-12-31
SKU_0073,STORE_006,20,32,13,2024-12-31
SKU_0073,STORE_007,84,32,13,2024-12-31
SKU_0073,STORE_008,148,32,13,2024-12-31
SKU_0073,STORE_009,63,32,13,2024-12-31
SKU_0073,STORE_010,100,32,13,2024-12-31
SKU_0074,STORE_001,56,15,8,2024-12-31
SKU_0074,STORE_002,118,15,8,2024-12-31
SKU_0074,STORE_003,38,15,8,2024-12-31
SKU_0074,STORE_004,184,15,8,2024-12-31
SKU_0074,STORE_005,86,15,8,2024-12-31
SKU_0074,STORE_006,138,15,8,2024-12-31
SKU_0074,STORE_007,172,15,8,2024-12-31
SKU_0074,STORE_008,27,15,8,2024-12-31
SKU_0074,STORE_009,63,15,8,2024-12-31
SKU_0074,STORE_010,162,15,8,2024-12-31
SKU_0075,STORE_001,163,30,6,2024-12-31
SKU_0075,STORE_002,47,30,6,2024-12-31
SKU_0075,STORE_003,192,30,6,2024-12-31
SKU_0075,STORE_004,135,30,6,2024-12-31
SKU_0075,STORE_005,102,30,6,2024-12-31
SKU_0075,STORE_006,107,30,6,2024-12-31
SKU_0075,STORE_007,184,30,6,2024-12-31
SKU_0075,STORE_008,125,30,6,2024-12-31
SKU_0075,STORE_009,2,30,6,2024-12-31
SKU_0075,STORE_010,7,30,6,2024-12-31
SKU_0076,STORE_001,168,33,9,2024-12-31
SKU_0076,STORE_002,137,33,9,2024-12-31
SKU_0076,STORE_003,38,33,9,2024-12-31
SKU_0076,STORE_004,178,33,9,2024-12-31
SKU_0076,STORE_005,66,33,9,2024-12-31
SKU_0076,STORE_006,195,33,9,2024-12-31
SKU_0076,STORE_007,133,33,9,2024-12-31
SKU_0076,STORE_008,140,33,9,2024-12-31
SKU_0076,STORE_009,55,33,9,2024-12-31
SKU_0076,STORE_010,14,33,9,2024-12-31
SKU_0077,STORE_001,149,38,4,2024-12-31
SKU_0077,STORE_002,118,38,4,2024-12-31
SKU_0077,STORE_003,19,38,4,2024-12-31
SKU_0077,STORE_004,24,38,4,2024-12-31
SKU_0077,STORE_005,117,38,4,2024-12-31
SKU_0077,STORE_006,156,38,4,2024-12-31
SKU_0077,STORE_007,149,38,4,2024-12-31
SKU_0077,STORE_008,149,38,4,2024-12-31
SKU_0077,STORE_009,133,38,4,2024-12-31
SKU_0077,STORE_010,53,38,4,2024-12-31
SKU_0078,STORE_001,135,16,9,2024-12-31
SKU_0078,STORE_002,196,16,9,2024-12-31
SKU_0078,STORE_003,9,16,9,2024-12-31
SKU_0078,STORE_004,68,16,9,2024-12-31
SKU_0078,STORE_005,135,16,9,2024-12-31
SKU_0078,STORE_006,61,16,9,2024-12-31
SKU_0078,STORE_007,33,16,9,2024-12-31
SKU_0078,STORE_008,109,16,9,2024-12-31
SKU_0078,STORE_009,68,16,9,2024-12-31
SKU_0078,STORE_010,34,16,9,2024-12-31
SKU_0079,STORE_001,172,27,8,2024-12-31
SKU_0079,STORE_002,81,27,8,2024-12-31
SKU_0079,STORE_003,24,27,8,2024-12-31
SKU_0079,STORE_004,105,27,8,2024-12-31
SKU_0079,STORE_005,101,27,8,2024-12-31
SKU_0079,STORE_006,67,27,8,2024-12-31
SKU_0079,STORE_007,21,27,8,2024-12-31
SKU_0079,STORE_008,48,27,8,2024-12-31
SKU_0079,STORE_009,141,27,8,2024-12-31
SKU_0079,STORE_010,49,27,8,2024-12-31
SKU_0080,STORE_001,67,36,4,2024-12-31
SKU_0080,STORE_002,48,36,4,2024-12-31
SKU_0080,STORE_003,66,36,4,2024-12-31
SKU_0080,STORE_004,165,36,4,2024-12-31
SKU_0080,STORE_005,171,36,4,2024-12-31
SKU_0080,STORE_006,120,36,4,2024-12-31
SKU_0080,STORE_007,16,36,4,2024-12-31
SKU_0080,STORE_008,145,36,4,2024-12-31
SKU_0080,STORE_009,177,36,4,2024-12-31
SKU_0080,STORE_010,146,36,4,2024-12-31
